school,sex,age,address,famsize,Pstatus,Medu,Fedu,Mjob,Fjob,reason,guardian,traveltime,studytime,failures,schoolsup,famsup,paid,activities,nursery,higher,internet,romantic,famrel,freetime,goout,Dalc,Walc,health,absences,G1,G2,G3,passed,attendance_pct,attendance_zone,grade_progress,department,core_subject,semester,admission_type,hostel_status,backlog_count,guardian_call_required,risk_segment
GP,F,18,U,GT3,A,4,4,at_home,teacher,course,mother,2,2,0,yes,no,no,no,yes,yes,no,no,4,3,4,1,1,3,4,0,11,11,1,96,Eligible,11,AI & ML,Programming,Sem 1,Merit,Day Scholar,0,No,Low Risk
GP,F,17,U,GT3,T,1,1,at_home,other,course,father,1,2,0,no,yes,no,no,no,yes,yes,no,5,3,3,1,1,3,2,9,11,11,1,98,Eligible,2,EE,Programming,Sem 2,Management,Day Scholar,0,No,Low Risk
GP,F,15,U,LE3,T,1,1,at_home,other,other,mother,1,2,0,yes,no,no,no,yes,yes,yes,no,4,3,2,2,3,3,6,12,13,12,1,94,Eligible,1,CSBS,Data Structures,Sem 5,Lateral Entry,Day Scholar,0,No,Low Risk
GP,F,15,U,GT3,T,4,2,health,services,home,mother,1,3,0,no,yes,no,yes,yes,yes,yes,yes,3,2,2,1,1,5,0,14,14,14,1,100,Eligible,0,ME,Food Processing,Sem 6,Merit,Day Scholar,0,No,Low Risk
GP,F,16,U,GT3,T,3,3,other,other,home,father,1,2,0,no,yes,no,no,yes,yes,no,no,4,3,2,1,2,5,0,11,13,13,1,100,Eligible,2,AI & ML,DBMS,Sem 2,Lateral Entry,Hosteller,0,No,Low Risk
GP,M,16,U,LE3,T,4,3,services,other,reputation,mother,1,2,0,no,yes,no,yes,yes,yes,yes,no,5,4,2,1,2,5,6,12,12,13,1,94,Eligible,0,Food Tech,Programming,Sem 6,Entrance,Hosteller,0,No,Low Risk
GP,M,16,U,LE3,T,2,2,other,other,home,mother,1,2,0,no,no,no,no,yes,yes,yes,no,4,4,4,1,1,3,0,13,12,13,1,100,Eligible,-1,ECE,Mathematics,Sem 5,Merit,Hosteller,0,No,Low Risk
GP,F,17,U,GT3,A,4,4,other,teacher,home,mother,2,2,0,yes,yes,no,no,yes,yes,no,no,4,1,4,1,1,1,2,10,13,13,1,98,Eligible,3,AI & ML,Mechanics,Sem 1,Management,Day Scholar,0,No,Low Risk
GP,M,15,U,LE3,A,3,2,services,other,home,mother,1,2,0,no,yes,no,no,yes,yes,yes,no,4,2,2,1,1,1,0,15,16,17,1,100,Eligible,1,CSBS,Electronics,Sem 3,Entrance,Hosteller,0,No,Low Risk
GP,M,15,U,GT3,T,3,4,other,other,home,mother,1,2,0,no,yes,no,yes,yes,yes,yes,no,5,5,1,1,1,5,0,12,12,13,1,100,Eligible,0,ME,Programming,Sem 2,Management,Day Scholar,0,No,Low Risk
GP,F,15,U,GT3,T,4,4,teacher,health,reputation,mother,1,2,0,no,yes,no,no,yes,yes,yes,no,3,3,3,1,2,2,2,14,14,14,1,98,Eligible,0,EE,Mathematics,Sem 3,Entrance,Day Scholar,0,No,Low Risk
GP,F,15,U,GT3,T,2,1,services,other,reputation,father,3,3,0,no,yes,no,yes,yes,yes,yes,no,5,2,2,1,1,4,0,10,12,13,1,100,Eligible,2,CSBS,Mathematics,Sem 5,Merit,Hosteller,0,No,Low Risk
GP,M,15,U,LE3,T,4,4,health,services,course,father,1,1,0,no,yes,no,yes,yes,yes,yes,no,4,3,3,1,3,5,0,12,13,12,1,100,Eligible,1,CSBS,Electronics,Sem 2,Management,Day Scholar,0,No,Low Risk
GP,M,15,U,GT3,T,4,3,teacher,other,course,mother,2,2,0,no,yes,no,no,yes,yes,yes,no,5,4,3,1,2,3,0,12,12,13,1,100,Eligible,0,ECE,DBMS,Sem 6,Management,Hosteller,0,No,Low Risk
GP,M,15,U,GT3,A,2,2,other,other,home,other,1,3,0,no,yes,no,no,yes,yes,yes,yes,4,5,2,1,1,3,0,14,14,15,1,100,Eligible,0,Civil,Mathematics,Sem 4,Entrance,Hosteller,0,No,Low Risk
GP,F,16,U,GT3,T,4,4,health,other,home,mother,1,1,0,no,yes,no,no,yes,yes,yes,no,4,4,4,1,2,2,6,17,17,17,1,94,Eligible,0,ME,Mechanics,Sem 3,Management,Hosteller,0,No,Low Risk
GP,F,16,U,GT3,T,4,4,services,services,reputation,mother,1,3,0,no,yes,no,yes,yes,yes,yes,no,3,2,3,1,2,2,10,13,13,14,1,90,Eligible,0,IT,Mathematics,Sem 2,Entrance,Day Scholar,0,No,Low Risk
GP,F,16,U,GT3,T,3,3,other,other,reputation,mother,3,2,0,yes,yes,no,yes,yes,yes,no,no,5,3,2,1,1,4,2,13,14,14,1,98,Eligible,1,CSBS,Mathematics,Sem 3,Entrance,Hosteller,0,No,Low Risk
GP,M,17,U,GT3,T,3,2,services,services,course,mother,1,1,3,no,yes,yes,yes,yes,yes,yes,no,5,5,5,2,4,5,2,8,8,7,0,98,Eligible,0,Civil,Mathematics,Sem 2,Entrance,Day Scholar,3,Yes,High Risk
GP,M,16,U,LE3,T,4,3,health,other,home,father,1,1,0,no,no,no,yes,yes,yes,yes,no,3,1,3,1,3,5,6,12,12,12,1,94,Eligible,0,IT,Machine Learning,Sem 1,Entrance,Hosteller,0,No,Low Risk
GP,M,15,U,GT3,T,4,3,teacher,other,reputation,mother,1,2,0,no,no,no,no,yes,yes,yes,no,4,4,1,1,1,1,0,12,13,14,1,100,Eligible,1,ME,Machine Learning,Sem 6,Merit,Hosteller,0,No,Low Risk
GP,M,15,U,GT3,T,4,4,health,health,other,father,1,1,0,no,yes,yes,no,yes,yes,yes,no,5,4,2,1,1,5,0,11,12,12,1,100,Eligible,1,CSE,DBMS,Sem 3,Entrance,Hosteller,0,No,Low Risk
GP,M,16,U,LE3,T,4,2,teacher,other,course,mother,1,2,0,no,no,no,yes,yes,yes,yes,no,4,5,1,1,3,5,0,12,13,14,1,100,Eligible,1,Food Tech,Programming,Sem 4,Lateral Entry,Day Scholar,0,No,Low Risk
GP,M,16,U,LE3,T,2,2,other,other,reputation,mother,2,2,0,no,yes,no,yes,yes,yes,yes,no,5,4,4,2,4,5,2,10,10,10,1,98,Eligible,0,Civil,Mathematics,Sem 4,Management,Day Scholar,0,No,Low Risk
GP,F,15,R,GT3,T,2,4,services,health,course,mother,1,3,0,yes,yes,no,yes,yes,yes,yes,no,4,3,2,1,1,5,2,10,11,10,1,98,Eligible,1,CSDS,Food Processing,Sem 5,Lateral Entry,Day Scholar,0,No,Low Risk
GP,F,16,U,GT3,T,2,2,services,services,home,mother,1,1,0,no,yes,no,no,no,yes,yes,no,1,2,2,1,3,5,6,10,11,12,1,94,Eligible,1,CSE,Programming,Sem 2,Merit,Hosteller,0,No,Low Risk
GP,M,15,U,GT3,T,2,2,other,other,home,mother,1,1,0,no,yes,no,no,yes,yes,yes,no,4,2,2,1,2,5,8,11,12,12,1,92,Eligible,1,Food Tech,DBMS,Sem 3,Lateral Entry,Hosteller,0,No,Low Risk
GP,M,15,U,GT3,T,4,2,health,services,other,mother,1,1,0,no,no,no,no,yes,yes,yes,no,2,2,4,2,4,1,0,11,11,11,1,100,Eligible,0,ECE,Operating Systems,Sem 5,Management,Day Scholar,0,No,Low Risk
GP,M,16,U,LE3,A,3,4,services,other,home,mother,1,2,0,yes,yes,yes,yes,yes,yes,yes,no,5,3,3,1,1,5,2,12,12,13,1,98,Eligible,0,AI & ML,Programming,Sem 3,Lateral Entry,Day Scholar,0,No,Low Risk
GP,M,16,U,GT3,T,4,4,teacher,teacher,home,mother,1,2,0,no,yes,yes,yes,yes,yes,yes,yes,4,4,5,5,5,5,4,12,11,12,1,96,Eligible,-1,EE,Programming,Sem 2,Merit,Day Scholar,0,No,Low Risk
GP,M,15,U,GT3,T,4,4,health,services,home,mother,1,2,0,no,yes,yes,no,no,yes,yes,no,5,4,2,3,4,5,0,10,11,11,1,100,Eligible,1,CSDS,Thermodynamics,Sem 4,Entrance,Day Scholar,0,No,Low Risk
GP,M,15,U,GT3,T,4,4,services,services,reputation,mother,2,2,0,no,yes,no,yes,yes,yes,yes,no,4,3,1,1,1,5,2,15,15,15,1,98,Eligible,0,ECE,Data Structures,Sem 1,Lateral Entry,Day Scholar,0,No,Low Risk
GP,M,15,R,GT3,T,4,3,teacher,at_home,course,mother,1,2,0,no,yes,no,yes,yes,yes,yes,yes,4,5,2,1,1,5,0,13,14,15,1,100,Eligible,1,ME,Thermodynamics,Sem 4,Merit,Day Scholar,0,No,Low Risk
GP,M,15,U,LE3,T,3,3,other,other,course,mother,1,2,0,no,no,no,yes,no,yes,yes,no,5,3,2,1,1,2,0,13,12,12,1,100,Eligible,-1,ECE,Mechanics,Sem 5,Merit,Hosteller,0,No,Low Risk
GP,M,16,U,GT3,T,3,2,other,other,home,mother,1,1,0,no,yes,no,no,no,yes,yes,no,5,4,3,1,1,5,4,12,12,12,1,96,Eligible,0,AI & ML,Machine Learning,Sem 6,Management,Day Scholar,0,No,Low Risk
GP,F,15,U,GT3,T,2,3,other,other,other,father,2,1,0,no,yes,no,yes,yes,yes,no,no,3,5,1,1,1,5,4,11,11,11,1,96,Eligible,0,ME,Machine Learning,Sem 1,Management,Hosteller,0,No,Low Risk
GP,M,15,U,LE3,T,4,3,teacher,services,home,mother,1,3,0,no,yes,no,yes,yes,yes,yes,no,5,4,3,1,1,4,0,14,14,14,1,100,Eligible,0,CSDS,Data Structures,Sem 5,Lateral Entry,Hosteller,0,No,Low Risk
GP,M,16,R,GT3,A,4,4,other,teacher,reputation,mother,2,3,0,no,yes,no,yes,yes,yes,yes,yes,2,4,3,1,1,5,4,13,13,13,1,96,Eligible,0,AI & ML,Electronics,Sem 2,Entrance,Day Scholar,0,No,Low Risk
GP,F,15,R,GT3,T,3,4,services,health,course,mother,1,3,0,yes,yes,no,yes,yes,yes,yes,no,4,3,2,1,1,5,2,11,12,12,1,98,Eligible,1,IT,Electronics,Sem 1,Merit,Day Scholar,0,No,Low Risk
GP,F,15,R,GT3,T,2,2,at_home,other,reputation,mother,1,1,0,yes,yes,no,yes,yes,yes,no,no,4,3,1,1,1,2,8,14,13,12,1,92,Eligible,-1,EE,DBMS,Sem 5,Lateral Entry,Hosteller,0,No,Low Risk
GP,F,16,U,LE3,T,2,2,other,other,home,mother,2,2,0,no,yes,no,yes,no,yes,yes,yes,3,3,3,1,2,3,16,11,11,10,1,84,Eligible,0,CSDS,Data Structures,Sem 2,Merit,Day Scholar,0,No,Low Risk
GP,M,15,U,LE3,T,4,4,teacher,other,home,other,1,1,0,no,yes,no,no,no,yes,yes,yes,5,4,3,2,4,5,8,10,11,11,1,92,Eligible,1,IT,Programming,Sem 4,Merit,Day Scholar,0,No,Low Risk
GP,M,15,U,GT3,T,4,4,services,teacher,course,father,1,2,0,no,yes,no,yes,yes,yes,yes,no,4,3,3,1,1,5,0,14,15,15,1,100,Eligible,1,Food Tech,Electronics,Sem 6,Entrance,Hosteller,0,No,Low Risk
GP,M,15,U,GT3,T,2,2,services,services,course,father,1,1,0,yes,yes,no,no,yes,yes,yes,no,5,4,1,1,1,1,0,9,10,10,1,100,Eligible,1,CSDS,Mathematics,Sem 2,Entrance,Hosteller,0,No,Low Risk
GP,F,16,U,LE3,T,2,2,other,at_home,course,father,2,2,1,yes,no,no,yes,yes,yes,yes,no,4,3,3,2,2,5,14,10,11,11,1,86,Eligible,1,Food Tech,Food Processing,Sem 3,Lateral Entry,Hosteller,1,Yes,Low Risk
GP,F,15,U,LE3,A,4,3,other,other,course,mother,1,2,0,yes,yes,yes,yes,yes,yes,yes,yes,5,2,2,1,1,5,4,10,11,11,1,96,Eligible,1,ME,Programming,Sem 2,Entrance,Day Scholar,0,No,Low Risk
GP,F,16,U,LE3,A,3,3,other,services,home,mother,1,2,0,no,yes,no,no,yes,yes,yes,no,2,3,5,1,4,3,6,13,12,13,1,94,Eligible,-1,IT,Mechanics,Sem 2,Entrance,Hosteller,0,No,Low Risk
GP,M,16,U,GT3,T,4,3,health,services,reputation,mother,1,4,0,no,no,no,yes,yes,yes,yes,no,4,2,2,1,1,2,2,17,17,17,1,98,Eligible,0,EE,Mathematics,Sem 6,Lateral Entry,Day Scholar,0,No,Low Risk
GP,M,15,U,GT3,T,4,2,teacher,other,home,mother,1,2,0,no,yes,no,no,yes,yes,no,no,4,3,3,2,2,5,4,11,12,13,1,96,Eligible,1,AI & ML,Mathematics,Sem 3,Entrance,Hosteller,0,No,Low Risk
GP,F,15,U,GT3,T,4,4,services,teacher,other,father,1,2,0,yes,yes,no,yes,no,yes,yes,no,4,4,4,1,1,3,2,13,12,12,1,98,Eligible,-1,CSBS,Data Structures,Sem 5,Management,Hosteller,0,No,Low Risk
GP,F,16,U,LE3,T,2,2,services,services,course,mother,3,2,0,no,yes,no,no,yes,yes,yes,no,4,3,3,2,3,4,0,14,13,13,1,100,Eligible,-1,ECE,DBMS,Sem 5,Merit,Hosteller,0,No,Low Risk
GP,F,15,U,LE3,T,4,2,health,other,other,mother,1,2,0,no,yes,no,no,yes,yes,yes,no,4,3,3,1,1,5,0,16,14,16,1,100,Eligible,-2,CSE,Mechanics,Sem 2,Merit,Day Scholar,0,No,Low Risk
GP,M,15,U,LE3,A,4,2,health,health,other,father,2,1,0,no,no,no,no,yes,yes,no,no,5,5,5,3,4,5,4,10,9,9,0,96,Eligible,-1,EE,Electronics,Sem 3,Merit,Day Scholar,0,Yes,High Risk
GP,F,15,U,GT3,T,4,4,services,services,course,mother,1,1,0,yes,yes,no,no,yes,yes,yes,no,3,3,4,2,3,5,0,13,12,12,1,100,Eligible,-1,IT,Data Structures,Sem 3,Merit,Hosteller,0,No,Low Risk
GP,F,15,U,LE3,A,3,3,other,other,other,mother,1,1,0,no,no,no,no,yes,yes,yes,no,5,3,4,4,4,1,0,13,12,13,1,100,Eligible,-1,CSBS,Electronics,Sem 6,Lateral Entry,Hosteller,0,No,Low Risk
GP,F,16,U,GT3,A,2,1,other,other,other,mother,1,2,0,no,no,no,yes,yes,yes,yes,yes,5,3,4,1,1,2,2,12,13,12,1,98,Eligible,1,EE,Data Structures,Sem 4,Merit,Hosteller,0,No,Low Risk
GP,F,15,U,GT3,A,4,3,services,services,reputation,mother,1,2,0,no,yes,no,yes,yes,yes,yes,no,4,3,2,1,1,1,0,15,14,15,1,100,Eligible,-1,IT,Data Structures,Sem 5,Merit,Day Scholar,0,No,Low Risk
GP,M,15,U,GT3,T,4,4,teacher,health,reputation,mother,1,2,0,no,yes,no,yes,yes,yes,no,no,3,2,2,1,1,5,8,15,15,16,1,92,Eligible,0,Civil,Data Structures,Sem 6,Merit,Hosteller,0,No,Low Risk
GP,M,15,U,LE3,T,1,2,other,at_home,home,father,1,2,0,yes,yes,no,yes,yes,yes,yes,no,4,3,2,1,1,5,0,14,13,14,1,100,Eligible,-1,Civil,DBMS,Sem 1,Merit,Day Scholar,0,No,Low Risk
GP,F,16,U,GT3,T,4,2,services,other,course,mother,1,2,0,no,yes,yes,no,yes,yes,yes,no,4,2,3,1,1,5,2,16,15,16,1,98,Eligible,-1,Food Tech,Data Structures,Sem 5,Management,Hosteller,0,No,Low Risk
GP,F,16,R,GT3,T,4,4,health,teacher,other,mother,1,2,0,no,yes,no,yes,yes,yes,no,no,2,4,4,2,3,4,0,17,16,16,1,100,Eligible,-1,EE,Operating Systems,Sem 6,Merit,Hosteller,0,No,Low Risk
GP,F,16,U,GT3,T,1,1,services,services,course,father,4,1,0,yes,yes,no,yes,no,yes,yes,yes,5,5,5,5,5,5,0,10,10,16,1,100,Eligible,0,Civil,Food Processing,Sem 5,Management,Hosteller,0,No,Low Risk
GP,F,16,U,LE3,T,1,2,other,services,reputation,father,1,2,0,yes,no,no,yes,yes,yes,yes,no,4,4,3,1,1,1,0,13,13,10,1,100,Eligible,0,IT,Electronics,Sem 4,Lateral Entry,Hosteller,0,No,Low Risk
GP,F,16,U,GT3,T,4,3,teacher,health,home,mother,1,3,0,yes,yes,no,yes,yes,yes,yes,no,3,4,4,2,4,4,0,14,13,13,1,100,Eligible,-1,Food Tech,Programming,Sem 1,Entrance,Hosteller,0,No,Low Risk
GP,F,15,U,LE3,T,4,3,services,services,reputation,father,1,2,0,yes,no,no,yes,yes,yes,yes,yes,4,4,4,2,4,2,0,13,12,12,1,100,Eligible,-1,IT,Thermodynamics,Sem 4,Merit,Hosteller,0,No,Low Risk
GP,F,16,U,LE3,T,4,3,teacher,services,course,mother,3,2,0,no,yes,no,yes,yes,yes,yes,no,5,4,3,1,2,1,2,16,15,16,1,98,Eligible,-1,Food Tech,Mechanics,Sem 1,Entrance,Day Scholar,0,No,Low Risk
GP,M,15,U,GT3,A,4,4,other,services,reputation,mother,1,4,0,no,yes,no,yes,no,yes,yes,yes,1,3,3,5,5,3,0,11,12,12,1,100,Eligible,1,EE,Machine Learning,Sem 2,Entrance,Hosteller,0,No,Low Risk
GP,F,16,U,GT3,T,3,1,services,other,course,mother,1,4,0,yes,yes,no,no,yes,yes,yes,no,4,3,3,1,2,5,0,10,9,10,1,100,Eligible,-1,CSBS,DBMS,Sem 6,Lateral Entry,Day Scholar,0,Yes,Low Risk
GP,F,15,R,LE3,T,2,2,health,services,reputation,mother,2,2,0,yes,yes,no,no,yes,yes,yes,no,4,1,3,1,3,4,0,11,10,11,1,100,Eligible,-1,AI & ML,Programming,Sem 1,Entrance,Hosteller,0,No,Low Risk
GP,F,15,R,LE3,T,3,1,other,other,reputation,father,2,4,0,no,yes,no,no,no,yes,yes,no,4,4,2,2,3,3,6,15,15,15,1,94,Eligible,0,CSDS,Mathematics,Sem 4,Management,Hosteller,0,No,Low Risk
GP,M,16,U,GT3,T,3,1,other,other,reputation,father,2,4,0,no,yes,no,no,yes,yes,yes,no,4,3,2,1,1,5,2,13,11,11,1,98,Eligible,-2,CSBS,Operating Systems,Sem 5,Entrance,Day Scholar,0,No,Low Risk
GP,M,15,U,GT3,T,4,2,other,other,course,mother,1,4,0,no,no,no,no,yes,yes,yes,no,3,3,3,1,1,3,0,11,9,10,1,100,Eligible,-2,ME,Machine Learning,Sem 1,Entrance,Hosteller,0,Yes,Low Risk
GP,F,15,R,GT3,T,1,1,other,other,reputation,mother,1,2,0,yes,yes,no,no,no,yes,yes,yes,3,3,4,2,4,5,2,13,11,11,1,98,Eligible,-2,IT,Thermodynamics,Sem 6,Entrance,Day Scholar,0,No,Low Risk
GP,M,16,U,GT3,T,3,1,other,other,reputation,mother,1,1,0,no,no,no,yes,yes,yes,no,no,5,3,2,2,2,5,0,13,13,14,1,100,Eligible,0,ME,Programming,Sem 1,Merit,Day Scholar,0,No,Low Risk
GP,F,16,U,GT3,T,3,3,other,services,home,mother,1,2,0,yes,yes,no,yes,yes,yes,yes,no,4,3,3,2,4,5,4,11,11,11,1,96,Eligible,0,CSBS,Machine Learning,Sem 3,Merit,Hosteller,0,No,Low Risk
GP,M,15,U,GT3,T,4,3,teacher,other,home,mother,1,2,0,no,yes,no,yes,yes,yes,yes,no,4,3,3,2,3,5,0,11,11,11,1,100,Eligible,0,Food Tech,Programming,Sem 5,Management,Day Scholar,0,No,Low Risk
GP,M,15,U,GT3,T,4,0,teacher,other,course,mother,2,4,0,no,no,no,yes,yes,yes,yes,no,3,4,3,1,1,1,0,12,11,11,1,100,Eligible,-1,CSDS,Operating Systems,Sem 6,Management,Day Scholar,0,No,Low Risk
GP,F,16,U,GT3,T,2,2,other,other,reputation,mother,1,4,0,no,no,no,no,yes,yes,yes,yes,5,2,3,1,3,3,1,13,13,13,1,99,Eligible,0,CSDS,Thermodynamics,Sem 6,Merit,Hosteller,0,No,Low Risk
GP,M,17,U,GT3,T,2,1,other,other,home,mother,2,1,3,yes,yes,no,yes,yes,no,yes,no,4,5,1,1,1,3,0,9,9,10,1,100,Eligible,0,CSE,Mathematics,Sem 2,Management,Day Scholar,3,Yes,Low Risk
GP,F,16,U,GT3,T,3,4,at_home,other,course,mother,1,2,0,no,yes,no,no,yes,yes,yes,no,2,4,3,1,2,3,14,12,11,11,1,86,Eligible,-1,CSDS,Data Structures,Sem 4,Merit,Hosteller,0,No,Low Risk
GP,M,15,U,GT3,T,2,3,other,services,course,father,1,1,0,yes,yes,no,yes,no,yes,yes,yes,3,2,2,1,3,3,0,11,11,12,1,100,Eligible,0,AI & ML,Electronics,Sem 2,Lateral Entry,Hosteller,0,No,Low Risk
GP,M,15,U,GT3,T,2,3,other,other,home,mother,1,3,0,yes,no,no,no,no,yes,yes,no,5,3,2,1,2,5,2,10,9,9,0,98,Eligible,-1,CSDS,Mathematics,Sem 6,Entrance,Hosteller,0,Yes,High Risk
GP,F,15,U,LE3,T,3,2,services,other,reputation,mother,1,2,0,no,yes,no,no,yes,yes,yes,no,4,4,4,1,1,5,4,12,11,11,1,96,Eligible,-1,CSBS,Data Structures,Sem 5,Entrance,Hosteller,0,No,Low Risk
GP,M,15,U,LE3,T,2,2,services,services,home,mother,2,2,0,no,no,yes,yes,yes,yes,yes,no,5,3,3,1,3,4,2,13,12,13,1,98,Eligible,-1,CSE,DBMS,Sem 1,Management,Day Scholar,0,No,Low Risk
GP,F,15,U,GT3,T,1,1,other,other,home,father,1,2,0,no,yes,no,yes,no,yes,yes,no,4,3,2,2,3,4,2,13,12,12,1,98,Eligible,-1,CSBS,Food Processing,Sem 1,Merit,Hosteller,0,No,Low Risk
GP,F,15,U,GT3,T,4,4,services,services,reputation,father,2,2,0,no,no,no,no,yes,yes,yes,yes,4,4,4,2,3,5,4,12,11,12,1,96,Eligible,-1,CSBS,Mechanics,Sem 5,Merit,Hosteller,0,No,Low Risk
GP,F,16,U,LE3,T,2,2,at_home,other,course,mother,1,2,0,no,yes,no,no,yes,yes,no,no,4,3,4,1,2,2,6,13,11,11,1,94,Eligible,-2,ECE,Mechanics,Sem 6,Management,Day Scholar,0,No,Low Risk
GP,F,15,U,GT3,T,4,2,other,other,reputation,mother,1,3,0,no,yes,no,yes,yes,yes,yes,no,5,3,3,1,3,1,4,15,15,15,1,96,Eligible,0,CSE,Electronics,Sem 1,Merit,Hosteller,0,No,Low Risk
GP,M,16,U,GT3,T,2,2,services,other,reputation,father,2,2,0,no,no,no,yes,no,yes,yes,no,4,4,2,1,1,3,6,12,10,11,1,94,Eligible,-2,CSBS,Thermodynamics,Sem 1,Lateral Entry,Hosteller,0,No,Low Risk
GP,M,16,U,LE3,A,4,4,teacher,health,reputation,mother,1,2,0,no,yes,no,no,yes,yes,no,no,4,1,3,3,5,5,6,9,9,10,1,94,Eligible,0,ECE,Operating Systems,Sem 1,Entrance,Day Scholar,0,Yes,Low Risk
GP,F,16,U,GT3,T,3,3,other,other,home,mother,1,3,0,no,yes,no,no,yes,yes,yes,yes,4,3,3,1,3,4,2,9,11,11,1,98,Eligible,2,ECE,Thermodynamics,Sem 4,Management,Day Scholar,0,No,Low Risk
GP,F,15,U,GT3,T,4,3,services,other,reputation,mother,1,1,0,no,no,no,yes,yes,yes,yes,no,4,5,5,1,3,1,6,14,13,13,1,94,Eligible,-1,CSE,Operating Systems,Sem 4,Management,Day Scholar,0,No,Low Risk
GP,F,16,U,LE3,T,3,1,other,other,home,father,1,2,0,yes,yes,no,no,yes,yes,no,no,3,3,3,2,3,2,0,12,13,12,1,100,Eligible,1,ME,Thermodynamics,Sem 3,Merit,Day Scholar,0,No,Low Risk
GP,F,16,U,GT3,T,4,2,teacher,services,home,mother,2,2,0,no,yes,no,yes,yes,yes,yes,no,5,3,3,1,1,1,2,13,14,14,1,98,Eligible,1,Food Tech,Food Processing,Sem 2,Management,Day Scholar,0,No,Low Risk
GP,M,15,U,LE3,T,2,2,services,health,reputation,mother,1,4,0,no,yes,no,yes,yes,yes,yes,no,4,3,4,1,1,4,2,11,12,12,1,98,Eligible,1,AI & ML,DBMS,Sem 5,Lateral Entry,Day Scholar,0,No,Low Risk
GP,F,15,R,GT3,T,1,1,at_home,other,home,mother,2,4,0,yes,yes,yes,yes,yes,yes,yes,no,3,1,2,1,1,1,4,13,13,13,1,96,Eligible,0,Food Tech,DBMS,Sem 5,Merit,Day Scholar,0,No,Low Risk
GP,M,16,R,GT3,T,4,3,services,other,reputation,mother,2,1,0,yes,yes,yes,yes,no,yes,yes,no,3,3,3,1,1,4,6,9,11,11,1,94,Eligible,2,CSDS,Data Structures,Sem 5,Merit,Hosteller,0,No,Low Risk
GP,F,16,U,GT3,T,2,1,other,other,course,mother,1,2,0,no,yes,no,no,yes,yes,no,yes,4,3,5,1,1,5,0,13,12,12,1,100,Eligible,-1,AI & ML,Machine Learning,Sem 3,Merit,Day Scholar,0,No,Low Risk
GP,F,16,U,GT3,T,4,4,other,other,reputation,mother,1,1,0,no,no,no,yes,no,yes,yes,no,5,3,4,1,2,1,4,12,13,13,1,96,Eligible,1,CSDS,DBMS,Sem 4,Merit,Day Scholar,0,No,Low Risk
GP,F,16,U,GT3,T,4,3,other,at_home,course,mother,1,3,0,yes,yes,no,no,yes,yes,yes,no,5,3,5,1,1,3,2,12,13,13,1,98,Eligible,1,CSBS,DBMS,Sem 6,Lateral Entry,Day Scholar,0,No,Low Risk
GP,M,16,U,GT3,T,4,4,services,services,other,mother,1,1,0,yes,yes,no,yes,yes,yes,yes,no,4,5,5,5,5,4,12,9,9,8,0,88,Eligible,0,IT,Mathematics,Sem 6,Merit,Hosteller,0,Yes,High Risk
GP,M,16,U,GT3,T,4,4,services,teacher,other,father,1,3,0,no,yes,no,yes,yes,yes,yes,yes,4,4,3,1,1,4,0,16,16,16,1,100,Eligible,0,CSE,Mathematics,Sem 3,Management,Hosteller,0,No,Low Risk
GP,M,15,U,GT3,T,4,4,services,other,course,mother,1,1,0,no,yes,yes,yes,no,yes,yes,no,5,3,3,1,1,5,2,12,13,12,1,98,Eligible,1,AI & ML,Data Structures,Sem 6,Lateral Entry,Day Scholar,0,No,Low Risk
GP,F,15,U,GT3,T,3,2,services,other,home,mother,2,2,0,yes,yes,no,no,yes,yes,yes,no,4,3,5,1,1,2,16,11,10,10,1,84,Eligible,-1,AI & ML,Machine Learning,Sem 5,Entrance,Day Scholar,0,No,Low Risk
GP,M,15,U,GT3,A,3,4,services,other,course,mother,1,2,0,no,yes,no,yes,yes,yes,yes,no,5,4,4,1,1,1,0,16,16,16,1,100,Eligible,0,CSBS,Electronics,Sem 2,Entrance,Day Scholar,0,No,Low Risk
GP,F,15,U,GT3,A,3,3,other,health,reputation,father,1,4,0,yes,no,no,no,yes,yes,no,no,4,3,3,1,1,4,10,10,10,10,1,90,Eligible,0,ME,Mathematics,Sem 1,Management,Hosteller,0,No,Low Risk
GP,F,15,U,GT3,T,2,2,other,other,course,mother,1,4,0,yes,yes,no,no,yes,yes,yes,no,5,1,2,1,1,3,4,10,10,10,1,96,Eligible,0,ECE,Electronics,Sem 4,Management,Hosteller,0,No,Low Risk
GP,M,16,U,GT3,T,3,3,services,other,home,father,1,3,0,no,yes,no,yes,yes,yes,yes,no,5,3,3,1,1,5,4,13,14,14,1,96,Eligible,1,CSBS,Programming,Sem 4,Lateral Entry,Day Scholar,0,No,Low Risk
GP,M,15,R,GT3,T,4,4,other,other,home,father,4,4,0,no,yes,no,yes,yes,yes,yes,yes,1,3,5,3,5,1,8,12,10,11,1,92,Eligible,-2,Civil,Mathematics,Sem 3,Entrance,Hosteller,0,No,Low Risk
GP,F,16,U,LE3,T,4,4,health,health,other,mother,1,3,0,no,yes,no,yes,yes,yes,yes,yes,5,4,5,1,1,4,2,15,15,14,1,98,Eligible,0,ECE,Food Processing,Sem 4,Entrance,Day Scholar,0,No,Low Risk
GP,M,15,U,LE3,A,4,4,teacher,teacher,course,mother,1,1,0,no,no,no,yes,yes,yes,yes,no,5,5,3,1,1,4,4,13,14,14,1,96,Eligible,1,CSE,Machine Learning,Sem 5,Entrance,Hosteller,0,No,Low Risk
GP,F,16,R,GT3,T,3,3,services,other,reputation,father,1,3,0,yes,yes,no,yes,yes,yes,yes,no,4,1,2,1,1,2,4,11,11,11,1,96,Eligible,0,ECE,Data Structures,Sem 6,Entrance,Hosteller,0,No,Low Risk
GP,F,16,U,GT3,T,2,2,at_home,other,home,mother,1,2,1,yes,no,no,yes,yes,yes,yes,no,3,1,2,1,1,5,12,8,10,10,1,88,Eligible,2,ME,Programming,Sem 5,Entrance,Day Scholar,1,Yes,Low Risk
GP,M,15,U,LE3,T,4,2,teacher,other,course,mother,1,1,0,no,no,no,no,yes,yes,yes,no,3,5,2,1,1,3,10,18,17,18,1,90,Eligible,-1,ECE,Machine Learning,Sem 3,Merit,Day Scholar,0,No,Low Risk
GP,M,15,R,GT3,T,2,1,health,services,reputation,mother,1,2,0,no,no,no,yes,yes,yes,yes,yes,5,4,2,1,1,5,4,10,9,10,1,96,Eligible,-1,CSE,Food Processing,Sem 5,Management,Day Scholar,0,Yes,Low Risk
GP,M,16,U,GT3,T,4,4,teacher,teacher,course,father,1,2,0,no,yes,no,yes,yes,yes,yes,no,5,4,4,1,2,5,6,16,14,14,1,94,Eligible,-2,ME,Machine Learning,Sem 6,Merit,Day Scholar,0,No,Low Risk
GP,M,15,U,GT3,T,4,4,other,teacher,reputation,father,2,2,0,no,yes,no,yes,yes,yes,no,no,4,4,3,1,1,2,4,16,15,16,1,96,Eligible,-1,Food Tech,Food Processing,Sem 2,Entrance,Hosteller,0,No,Low Risk
GP,M,16,U,GT3,T,3,3,other,services,home,father,2,1,0,no,no,no,yes,yes,yes,yes,no,5,4,2,1,1,5,6,14,14,15,1,94,Eligible,0,AI & ML,Food Processing,Sem 3,Lateral Entry,Hosteller,0,No,Low Risk
GP,M,17,R,GT3,T,1,3,other,other,course,father,3,2,1,no,yes,no,yes,yes,yes,yes,no,5,2,4,1,4,5,14,12,11,11,1,86,Eligible,-1,AI & ML,Electronics,Sem 2,Lateral Entry,Hosteller,1,Yes,Low Risk
GP,M,15,U,GT3,T,3,4,other,other,reputation,father,1,1,0,no,no,no,no,yes,yes,yes,no,3,4,3,1,2,4,2,14,13,14,1,98,Eligible,-1,CSDS,Thermodynamics,Sem 1,Entrance,Day Scholar,0,No,Low Risk
GP,F,15,U,GT3,T,1,2,at_home,services,course,mother,1,2,0,no,no,no,no,no,yes,yes,no,3,2,3,1,2,1,0,14,14,14,1,100,Eligible,0,Food Tech,Programming,Sem 2,Entrance,Hosteller,0,No,Low Risk
GP,M,15,U,GT3,T,2,2,services,services,home,father,1,4,0,no,yes,no,yes,yes,yes,yes,no,5,5,4,1,2,5,6,14,13,13,1,94,Eligible,-1,Food Tech,Machine Learning,Sem 1,Lateral Entry,Day Scholar,0,No,Low Risk
GP,F,16,U,LE3,T,2,4,other,health,course,father,2,2,0,no,yes,no,yes,yes,yes,yes,yes,4,2,2,1,2,5,2,14,12,13,1,98,Eligible,-2,ECE,Operating Systems,Sem 1,Merit,Hosteller,0,No,Low Risk
GP,M,16,U,GT3,T,4,4,health,other,course,mother,1,1,0,no,yes,no,yes,yes,yes,yes,no,3,4,4,1,4,5,4,12,13,13,1,96,Eligible,1,AI & ML,Programming,Sem 2,Merit,Day Scholar,0,No,Low Risk
GP,F,16,U,GT3,T,2,2,other,other,home,mother,1,2,0,no,no,no,no,yes,yes,yes,yes,5,4,4,1,1,5,0,12,11,11,1,100,Eligible,-1,CSE,Thermodynamics,Sem 3,Entrance,Day Scholar,0,No,Low Risk
GP,M,15,U,GT3,T,3,4,services,services,home,father,1,1,0,yes,no,no,no,yes,yes,yes,no,5,5,5,3,2,5,2,9,9,9,0,98,Eligible,0,EE,Programming,Sem 6,Merit,Hosteller,0,Yes,High Risk
GP,F,15,U,LE3,A,3,4,other,other,home,mother,1,2,0,yes,no,no,yes,yes,yes,yes,yes,5,3,2,1,1,1,0,10,11,11,1,100,Eligible,1,EE,DBMS,Sem 5,Lateral Entry,Day Scholar,0,No,Low Risk
GP,F,19,U,GT3,T,0,1,at_home,other,course,other,1,2,2,no,yes,no,no,no,no,no,no,3,4,2,1,1,5,0,9,10,11,1,100,Eligible,1,ME,Operating Systems,Sem 5,Merit,Day Scholar,2,Yes,Low Risk
GP,M,16,R,GT3,T,4,4,teacher,teacher,course,mother,1,1,0,no,no,no,yes,yes,yes,yes,no,3,5,5,2,5,4,8,14,14,15,1,92,Eligible,0,AI & ML,Thermodynamics,Sem 6,Entrance,Hosteller,0,No,Low Risk
GP,M,16,U,GT3,T,2,3,other,other,course,mother,2,3,0,no,yes,no,no,no,yes,yes,yes,3,2,3,2,2,1,4,13,12,13,1,96,Eligible,-1,AI & ML,Electronics,Sem 1,Lateral Entry,Day Scholar,0,No,Low Risk
GP,F,15,R,GT3,T,3,4,services,teacher,course,father,2,3,0,no,yes,no,no,yes,yes,yes,yes,4,2,2,2,2,5,0,10,11,12,1,100,Eligible,1,EE,Machine Learning,Sem 1,Merit,Day Scholar,0,No,Low Risk
GP,F,18,U,GT3,T,2,1,services,other,reputation,mother,1,2,3,no,yes,no,yes,yes,no,yes,yes,5,4,5,1,3,5,10,10,9,8,0,90,Eligible,-1,AI & ML,Mechanics,Sem 3,Management,Day Scholar,3,Yes,High Risk
GP,F,17,U,LE3,A,2,1,other,other,course,mother,3,1,0,no,yes,no,no,yes,yes,yes,no,3,2,2,1,2,5,8,11,10,11,1,92,Eligible,-1,ECE,Thermodynamics,Sem 4,Lateral Entry,Hosteller,0,No,Low Risk
GP,F,15,U,GT3,T,1,1,at_home,other,course,mother,3,1,0,no,yes,no,yes,no,yes,yes,yes,4,3,3,1,2,4,6,11,12,13,1,94,Eligible,1,Civil,Data Structures,Sem 2,Lateral Entry,Hosteller,0,No,Low Risk
GP,F,17,U,LE3,T,2,2,other,other,course,father,1,1,0,no,yes,no,no,yes,yes,yes,yes,3,4,4,1,3,5,2,13,12,12,1,98,Eligible,-1,IT,Machine Learning,Sem 1,Management,Day Scholar,0,No,Low Risk
GP,F,16,U,GT3,A,3,4,services,other,course,father,1,1,0,no,no,no,no,yes,yes,yes,no,3,2,1,1,4,5,12,15,13,14,1,88,Eligible,-2,Food Tech,Thermodynamics,Sem 5,Management,Hosteller,0,No,Low Risk
GP,M,16,U,GT3,T,2,1,at_home,other,course,mother,4,1,0,no,no,no,no,yes,yes,no,no,3,2,1,1,1,2,4,9,9,11,1,96,Eligible,0,CSDS,DBMS,Sem 3,Lateral Entry,Day Scholar,0,Yes,Low Risk
GP,F,16,U,GT3,A,2,2,other,other,home,mother,1,1,1,no,no,no,no,yes,yes,no,no,5,3,4,1,1,5,12,13,11,11,1,88,Eligible,-2,ME,Mechanics,Sem 2,Management,Day Scholar,1,Yes,Low Risk
GP,M,15,R,GT3,T,3,4,at_home,teacher,course,mother,4,2,0,no,yes,no,no,yes,yes,no,yes,5,3,3,1,1,5,2,12,11,11,1,98,Eligible,-1,Civil,DBMS,Sem 3,Entrance,Day Scholar,0,No,Low Risk
GP,F,15,U,GT3,T,4,4,services,at_home,course,mother,1,3,0,no,yes,no,yes,yes,yes,yes,yes,4,3,3,1,1,5,4,13,14,15,1,96,Eligible,1,EE,Mechanics,Sem 2,Entrance,Day Scholar,0,No,Low Risk
GP,M,17,R,GT3,T,3,4,at_home,other,course,mother,3,2,0,no,no,no,no,yes,yes,no,no,5,4,5,2,4,5,2,10,9,10,1,98,Eligible,-1,Food Tech,Data Structures,Sem 2,Entrance,Day Scholar,0,Yes,Low Risk
GP,F,16,R,GT3,T,1,1,at_home,other,course,mother,4,2,0,no,yes,no,no,yes,yes,no,no,5,1,3,1,1,3,0,14,13,13,1,100,Eligible,-1,AI & ML,Machine Learning,Sem 6,Lateral Entry,Hosteller,0,No,Low Risk
GP,M,18,U,LE3,T,3,1,services,services,course,mother,2,1,0,no,no,no,yes,yes,yes,yes,yes,3,3,4,4,5,4,2,11,11,12,1,98,Eligible,0,CSDS,Electronics,Sem 1,Management,Day Scholar,0,No,Low Risk
GP,F,18,U,GT3,A,3,2,other,services,course,other,1,3,0,no,yes,no,yes,no,yes,yes,yes,4,3,3,5,1,5,10,12,11,11,1,90,Eligible,-1,AI & ML,DBMS,Sem 3,Management,Hosteller,0,No,Low Risk
GP,F,16,R,GT3,T,1,1,other,services,reputation,mother,2,1,0,no,yes,no,yes,yes,yes,no,yes,3,3,3,1,2,1,8,12,11,11,1,92,Eligible,-1,CSE,DBMS,Sem 3,Merit,Hosteller,0,No,Low Risk
GP,F,16,U,GT3,A,3,3,other,other,course,other,2,1,0,no,yes,no,yes,no,yes,yes,yes,4,3,2,1,1,5,4,9,9,10,1,96,Eligible,0,CSE,Food Processing,Sem 6,Merit,Day Scholar,0,Yes,Low Risk
GP,M,16,U,LE3,T,1,1,services,other,course,mother,1,2,2,no,no,no,no,yes,yes,no,yes,4,4,4,1,3,5,0,10,10,10,1,100,Eligible,0,CSDS,Mechanics,Sem 5,Management,Day Scholar,2,Yes,Low Risk
GP,F,15,U,GT3,T,4,4,teacher,teacher,course,mother,2,1,0,no,no,no,yes,yes,yes,yes,no,4,3,2,1,1,5,6,13,14,14,1,94,Eligible,1,CSDS,Mathematics,Sem 5,Management,Hosteller,0,No,Low Risk
GP,F,15,R,GT3,T,1,1,other,other,course,mother,3,1,1,no,no,no,yes,yes,yes,yes,yes,5,5,5,1,1,1,2,8,9,9,0,98,Eligible,1,EE,Machine Learning,Sem 1,Management,Hosteller,1,Yes,High Risk
GP,M,15,U,GT3,T,4,3,teacher,services,course,father,2,4,0,yes,yes,no,no,yes,yes,yes,no,2,2,2,1,1,3,6,9,11,11,1,94,Eligible,2,CSDS,Mechanics,Sem 1,Lateral Entry,Hosteller,0,No,Low Risk
GP,F,15,U,GT3,A,3,3,services,services,home,mother,1,2,0,no,no,no,no,no,yes,no,yes,1,3,2,2,3,1,24,9,8,9,0,76,Eligible,-1,ECE,Food Processing,Sem 4,Management,Day Scholar,0,Yes,High Risk
GP,M,16,U,GT3,T,4,4,services,services,course,mother,1,3,0,no,yes,no,yes,yes,yes,yes,no,5,3,3,1,3,5,0,15,13,13,1,100,Eligible,-2,AI & ML,Programming,Sem 6,Merit,Hosteller,0,No,Low Risk
GP,M,16,U,LE3,T,2,2,services,services,reputation,father,2,1,0,no,yes,no,yes,yes,yes,yes,no,2,3,3,2,2,2,4,12,11,11,1,96,Eligible,-1,Civil,Mechanics,Sem 5,Lateral Entry,Day Scholar,0,No,Low Risk
GP,F,15,U,GT3,T,4,4,teacher,services,course,mother,1,3,0,no,yes,no,yes,yes,yes,yes,no,4,2,2,1,1,5,2,13,13,13,1,98,Eligible,0,CSBS,Electronics,Sem 2,Management,Day Scholar,0,No,Low Risk
GP,F,16,U,LE3,T,1,1,at_home,at_home,course,mother,1,1,0,no,no,no,no,yes,yes,yes,no,3,4,4,3,3,1,4,10,11,11,1,96,Eligible,1,CSDS,Machine Learning,Sem 3,Merit,Day Scholar,0,No,Low Risk
GP,M,17,U,GT3,T,2,1,other,other,home,mother,1,1,0,no,yes,no,no,yes,yes,yes,no,5,4,5,1,2,5,22,9,7,6,0,78,Eligible,-2,ME,Food Processing,Sem 1,Lateral Entry,Hosteller,0,Yes,High Risk
GP,F,15,U,GT3,T,1,1,other,services,course,father,1,2,0,no,yes,no,no,yes,yes,yes,no,4,4,2,1,2,5,0,12,12,12,1,100,Eligible,0,CSE,Programming,Sem 3,Management,Day Scholar,0,No,Low Risk
GP,F,15,U,LE3,A,2,1,at_home,other,home,mother,2,1,0,no,yes,no,yes,yes,no,yes,yes,4,4,2,1,1,5,0,11,10,10,1,100,Eligible,-1,ECE,Operating Systems,Sem 3,Management,Day Scholar,0,No,Low Risk
GP,F,15,U,GT3,T,3,2,health,services,home,father,1,2,1,no,yes,no,no,yes,yes,yes,no,3,3,2,1,1,3,2,11,11,11,1,98,Eligible,0,Food Tech,Food Processing,Sem 4,Management,Day Scholar,1,Yes,Low Risk
GP,F,15,U,GT3,T,1,2,at_home,other,course,mother,1,2,0,no,yes,no,no,no,yes,yes,no,4,3,2,1,1,5,6,13,12,13,1,94,Eligible,-1,CSBS,Operating Systems,Sem 5,Lateral Entry,Day Scholar,0,No,Low Risk
GP,F,15,U,GT3,T,1,2,at_home,services,course,father,1,2,0,no,no,no,no,no,yes,no,yes,2,3,4,2,4,1,6,11,11,11,1,94,Eligible,0,Civil,Machine Learning,Sem 1,Merit,Day Scholar,0,No,Low Risk
GP,M,16,U,GT3,T,4,4,teacher,teacher,course,mother,1,1,0,no,yes,no,no,yes,no,yes,yes,3,3,2,2,1,5,16,9,9,8,0,84,Eligible,0,CSBS,DBMS,Sem 3,Merit,Hosteller,0,Yes,High Risk
GP,M,15,U,LE3,A,2,1,services,other,course,mother,4,1,0,no,no,no,no,yes,yes,yes,no,4,5,5,2,5,5,0,12,11,11,1,100,Eligible,-1,CSDS,Food Processing,Sem 1,Entrance,Day Scholar,0,No,Low Risk
GP,M,18,U,LE3,T,1,1,other,other,course,mother,1,1,2,no,no,no,no,yes,no,yes,yes,2,3,5,2,5,4,0,11,9,0,0,100,Eligible,-2,EE,Data Structures,Sem 2,Management,Day Scholar,2,Yes,High Risk
GP,M,16,U,LE3,T,2,1,at_home,other,course,mother,1,1,1,no,no,no,yes,yes,yes,no,yes,4,4,4,3,5,5,6,9,10,10,1,94,Eligible,1,CSE,Operating Systems,Sem 4,Entrance,Hosteller,1,Yes,Low Risk
GP,F,15,R,GT3,T,3,3,services,services,reputation,other,2,3,0,no,yes,yes,yes,yes,yes,yes,yes,4,2,1,2,3,3,2,13,13,13,1,98,Eligible,0,CSE,Electronics,Sem 2,Entrance,Day Scholar,0,No,Low Risk
GP,M,19,U,GT3,T,3,2,services,at_home,home,mother,1,1,0,no,yes,no,no,yes,no,yes,yes,4,5,4,1,1,4,6,11,9,11,1,94,Eligible,-2,Food Tech,Data Structures,Sem 1,Merit,Hosteller,0,Yes,Low Risk
GP,F,17,U,GT3,T,4,4,other,teacher,course,mother,1,1,0,yes,yes,no,no,yes,yes,no,yes,4,2,1,1,1,4,0,13,13,13,1,100,Eligible,0,EE,Thermodynamics,Sem 1,Lateral Entry,Day Scholar,0,No,Low Risk
GP,M,15,R,GT3,T,2,3,at_home,services,course,mother,1,2,0,yes,no,yes,yes,yes,yes,no,no,4,4,4,1,1,1,0,7,8,8,0,100,Eligible,1,AI & ML,Thermodynamics,Sem 5,Lateral Entry,Hosteller,0,Yes,High Risk
GP,M,17,R,LE3,T,1,2,other,other,reputation,mother,1,1,3,no,no,no,no,yes,yes,no,no,2,2,2,3,3,5,14,9,8,10,1,86,Eligible,-1,IT,Programming,Sem 3,Merit,Hosteller,3,Yes,Low Risk
GP,F,18,R,GT3,T,1,1,at_home,other,course,mother,3,1,3,no,yes,no,yes,no,yes,no,no,5,2,5,1,5,4,6,11,10,11,1,94,Eligible,-1,ECE,DBMS,Sem 3,Lateral Entry,Day Scholar,3,Yes,Low Risk
GP,M,16,R,GT3,T,2,2,at_home,other,course,mother,3,1,0,no,no,no,no,no,yes,no,no,4,2,2,1,2,3,4,12,10,11,1,96,Eligible,-2,CSE,Machine Learning,Sem 2,Entrance,Day Scholar,0,No,Low Risk
GP,M,16,U,GT3,T,3,3,other,services,course,father,1,2,1,no,yes,no,no,yes,yes,yes,yes,4,5,5,4,4,5,0,10,10,1,0,100,Eligible,0,ME,Food Processing,Sem 4,Management,Day Scholar,1,Yes,High Risk
GP,M,16,U,LE3,T,1,2,health,services,course,mother,2,1,2,no,no,no,no,no,yes,yes,no,4,4,5,3,5,5,0,9,8,10,1,100,Eligible,-1,CSE,Mathematics,Sem 6,Merit,Hosteller,2,Yes,Low Risk
GP,M,17,R,LE3,T,2,1,at_home,other,course,mother,2,1,1,no,no,yes,yes,yes,no,yes,yes,3,3,2,2,2,5,8,8,8,9,0,92,Eligible,0,CSBS,Electronics,Sem 3,Management,Hosteller,1,Yes,High Risk
GP,M,17,R,GT3,T,3,2,other,other,course,mother,2,2,2,yes,yes,no,no,yes,yes,yes,yes,4,4,4,1,4,3,4,7,6,8,0,96,Eligible,-1,CSE,Operating Systems,Sem 5,Lateral Entry,Hosteller,2,Yes,High Risk
GP,M,15,U,LE3,T,1,2,other,other,course,mother,2,1,0,no,no,no,yes,yes,yes,no,no,4,4,4,2,4,5,2,8,9,10,1,98,Eligible,1,CSE,Machine Learning,Sem 2,Management,Day Scholar,0,Yes,Low Risk
GP,M,16,U,GT3,T,1,3,at_home,services,course,father,1,1,1,no,no,no,no,yes,no,yes,no,5,3,3,1,4,2,2,9,8,8,0,98,Eligible,-1,IT,Data Structures,Sem 2,Lateral Entry,Hosteller,1,Yes,High Risk
GP,M,17,R,LE3,T,1,1,other,services,course,mother,4,2,0,no,no,no,yes,yes,no,no,yes,5,3,5,1,5,5,0,8,8,8,0,100,Eligible,0,IT,Thermodynamics,Sem 6,Lateral Entry,Hosteller,0,Yes,High Risk
GP,M,17,U,GT3,T,3,2,services,services,course,mother,2,1,3,no,yes,no,yes,no,no,no,no,4,5,2,1,1,2,10,8,7,8,0,90,Eligible,-1,Civil,Electronics,Sem 5,Entrance,Day Scholar,3,Yes,High Risk
GP,M,16,U,GT3,T,2,2,other,other,course,father,1,2,0,no,no,no,no,yes,no,yes,no,4,3,5,2,4,4,0,9,10,11,1,100,Eligible,1,AI & ML,Mathematics,Sem 4,Lateral Entry,Hosteller,0,No,Low Risk
GP,F,16,U,GT3,T,4,2,health,services,home,father,1,2,0,no,no,no,no,yes,yes,yes,yes,4,2,3,1,1,3,0,17,17,18,1,100,Eligible,0,ME,Food Processing,Sem 5,Entrance,Hosteller,0,No,Low Risk
GP,F,16,U,GT3,T,2,2,other,other,home,mother,1,2,0,no,yes,no,no,no,yes,yes,no,5,1,5,1,1,4,0,12,12,13,1,100,Eligible,0,CSE,Programming,Sem 4,Entrance,Day Scholar,0,No,Low Risk
GP,F,16,U,GT3,T,4,4,health,health,reputation,mother,1,2,0,no,yes,no,no,yes,yes,yes,yes,4,4,2,1,1,3,0,16,16,17,1,100,Eligible,0,CSE,Mathematics,Sem 5,Entrance,Hosteller,0,No,Low Risk
GP,M,16,U,GT3,T,3,4,other,other,course,father,3,1,1,no,yes,no,yes,no,yes,yes,no,3,4,5,2,4,2,4,9,9,10,1,96,Eligible,0,ECE,Electronics,Sem 5,Merit,Day Scholar,1,Yes,Low Risk
GP,M,16,U,GT3,T,1,0,other,other,reputation,mother,2,2,0,no,yes,no,yes,yes,yes,yes,yes,4,3,2,1,1,3,0,16,17,18,1,100,Eligible,1,IT,Mathematics,Sem 1,Merit,Day Scholar,0,No,Low Risk
GP,M,17,U,LE3,T,4,4,teacher,other,reputation,mother,1,2,0,no,yes,no,yes,yes,yes,yes,no,4,4,4,1,3,5,0,11,9,10,1,100,Eligible,-2,ME,Electronics,Sem 2,Lateral Entry,Day Scholar,0,Yes,Low Risk
GP,F,16,U,GT3,T,1,3,at_home,services,home,mother,1,2,0,no,no,no,yes,no,yes,yes,yes,4,3,5,1,1,3,0,14,13,13,1,100,Eligible,-1,Food Tech,Electronics,Sem 5,Entrance,Day Scholar,0,No,Low Risk
GP,F,16,U,LE3,T,3,3,other,other,reputation,mother,2,2,0,no,yes,no,yes,yes,yes,yes,no,4,4,5,1,1,4,0,14,14,15,1,100,Eligible,0,Civil,Mechanics,Sem 6,Merit,Day Scholar,0,No,Low Risk
GP,M,17,U,LE3,T,4,3,teacher,other,course,mother,2,2,0,no,no,no,yes,yes,yes,yes,no,4,4,4,4,4,4,0,10,11,11,1,100,Eligible,1,AI & ML,Operating Systems,Sem 5,Entrance,Hosteller,0,No,Low Risk
GP,F,16,U,GT3,T,2,2,services,other,reputation,mother,2,2,0,no,no,no,yes,no,yes,yes,no,3,4,4,1,4,5,0,13,12,14,1,100,Eligible,-1,EE,Thermodynamics,Sem 3,Management,Hosteller,0,No,Low Risk
GP,M,17,U,GT3,T,3,3,other,other,reputation,father,1,2,0,no,no,no,yes,no,yes,yes,no,4,3,4,1,4,4,4,11,9,10,1,96,Eligible,-2,AI & ML,Mechanics,Sem 2,Management,Day Scholar,0,Yes,Low Risk
GP,M,16,R,GT3,T,4,2,teacher,services,other,mother,1,1,0,no,yes,no,yes,yes,yes,yes,yes,4,3,3,3,4,3,8,10,9,11,1,92,Eligible,-1,CSBS,Food Processing,Sem 3,Management,Day Scholar,0,Yes,Low Risk
GP,M,17,U,GT3,T,4,3,other,other,course,mother,1,2,0,no,yes,yes,yes,yes,yes,yes,yes,5,2,3,1,1,2,4,11,11,13,1,96,Eligible,0,CSE,Mechanics,Sem 2,Lateral Entry,Hosteller,0,No,Low Risk
GP,M,16,U,GT3,T,4,3,teacher,other,home,mother,1,2,0,no,yes,yes,yes,yes,yes,yes,no,3,4,3,2,3,3,4,11,10,11,1,96,Eligible,-1,Civil,DBMS,Sem 3,Entrance,Day Scholar,0,No,Low Risk
GP,M,16,U,GT3,T,3,3,services,other,home,mother,1,2,0,no,no,no,yes,yes,yes,yes,yes,4,2,3,1,2,3,0,11,12,13,1,100,Eligible,1,CSBS,DBMS,Sem 5,Management,Day Scholar,0,No,Low Risk
GP,F,17,U,GT3,T,2,4,services,services,reputation,father,1,2,0,no,yes,no,yes,yes,yes,no,no,5,4,2,2,3,5,0,17,18,17,1,100,Eligible,1,ME,Thermodynamics,Sem 5,Merit,Day Scholar,0,No,Low Risk
GP,F,17,U,LE3,T,3,3,other,other,reputation,mother,1,2,0,no,yes,no,yes,yes,yes,yes,yes,5,3,3,2,3,1,32,14,13,14,1,68,Second Chance,-1,EE,Mathematics,Sem 1,Management,Hosteller,0,Yes,Medium Risk
GP,F,16,U,GT3,T,3,2,other,other,reputation,mother,1,2,0,no,yes,no,no,yes,yes,yes,no,1,2,2,1,2,1,8,14,15,16,1,92,Eligible,1,IT,Operating Systems,Sem 6,Management,Hosteller,0,No,Low Risk
GP,M,17,U,GT3,T,3,3,services,services,other,mother,1,2,0,no,yes,no,yes,yes,yes,yes,yes,4,3,4,2,3,4,6,11,13,14,1,94,Eligible,2,Civil,Thermodynamics,Sem 3,Management,Day Scholar,0,No,Low Risk
GP,M,16,U,GT3,T,1,2,services,services,other,mother,1,1,0,no,yes,no,yes,yes,yes,yes,yes,3,3,3,1,2,3,0,10,9,11,1,100,Eligible,-1,Civil,Electronics,Sem 4,Lateral Entry,Day Scholar,0,Yes,Low Risk
GP,M,16,U,LE3,T,2,1,other,other,course,mother,1,2,0,no,no,no,yes,yes,yes,yes,yes,4,2,3,1,2,5,0,13,14,16,1,100,Eligible,1,CSE,Data Structures,Sem 1,Merit,Hosteller,0,No,Low Risk
GP,F,17,U,GT3,A,3,3,health,other,reputation,mother,1,2,0,no,yes,no,no,no,yes,yes,yes,3,3,3,1,3,3,10,12,13,14,1,90,Eligible,1,CSDS,Operating Systems,Sem 3,Entrance,Hosteller,0,No,Low Risk
GP,M,17,R,GT3,T,1,2,at_home,other,home,mother,1,2,0,no,no,no,no,yes,yes,no,no,3,1,3,1,5,3,6,9,9,10,1,94,Eligible,0,Civil,Operating Systems,Sem 3,Merit,Day Scholar,0,Yes,Low Risk
GP,F,16,U,GT3,T,2,3,services,services,course,mother,1,2,0,no,no,no,no,yes,yes,yes,no,4,3,3,1,1,2,6,12,12,13,1,94,Eligible,0,ECE,Electronics,Sem 1,Entrance,Day Scholar,0,No,Low Risk
GP,F,17,U,GT3,T,1,1,at_home,services,course,mother,1,2,0,no,no,no,yes,yes,yes,yes,no,5,3,3,1,1,3,0,12,11,12,1,100,Eligible,-1,EE,Electronics,Sem 5,Lateral Entry,Hosteller,0,No,Low Risk
GP,M,17,U,GT3,T,1,2,at_home,services,other,other,2,2,0,no,no,no,yes,no,yes,yes,no,4,4,4,4,5,5,16,10,11,12,1,84,Eligible,1,EE,Programming,Sem 3,Lateral Entry,Hosteller,0,No,Low Risk
GP,M,16,R,GT3,T,3,3,services,services,reputation,mother,1,1,0,no,yes,no,yes,yes,yes,yes,no,4,3,2,3,4,5,0,11,10,10,1,100,Eligible,-1,ECE,Thermodynamics,Sem 5,Lateral Entry,Hosteller,0,No,Low Risk
GP,M,16,U,GT3,T,2,3,other,other,home,father,2,1,0,no,no,no,no,yes,yes,yes,no,5,3,3,1,1,3,0,13,12,12,1,100,Eligible,-1,Food Tech,Electronics,Sem 1,Lateral Entry,Day Scholar,0,No,Low Risk
GP,F,17,U,LE3,T,2,4,services,services,course,father,1,2,0,no,no,no,yes,yes,yes,yes,yes,4,3,2,1,1,5,8,14,15,16,1,92,Eligible,1,ECE,DBMS,Sem 5,Entrance,Hosteller,0,No,Low Risk
GP,M,17,U,GT3,T,4,4,services,teacher,home,mother,1,1,0,no,no,no,no,yes,yes,yes,no,5,2,3,1,2,5,4,13,13,14,1,96,Eligible,0,ECE,Food Processing,Sem 2,Management,Day Scholar,0,No,Low Risk
GP,M,16,R,LE3,T,3,3,teacher,other,home,father,3,1,0,no,yes,no,yes,yes,yes,yes,no,3,3,4,3,5,3,16,10,11,12,1,84,Eligible,1,EE,Data Structures,Sem 4,Entrance,Hosteller,0,No,Low Risk
GP,F,17,U,GT3,T,4,4,services,teacher,home,mother,2,1,1,no,yes,no,no,yes,yes,yes,no,4,2,4,2,3,2,30,14,15,16,1,70,Second Chance,1,AI & ML,Thermodynamics,Sem 3,Merit,Hosteller,1,Yes,Medium Risk
GP,F,16,U,LE3,T,4,4,teacher,teacher,reputation,mother,1,2,0,no,yes,no,no,yes,yes,yes,no,4,5,2,1,2,3,0,11,10,11,1,100,Eligible,-1,EE,Machine Learning,Sem 6,Lateral Entry,Hosteller,0,No,Low Risk
GP,F,16,U,GT3,T,4,3,health,other,home,mother,1,2,0,no,yes,no,yes,yes,yes,yes,no,4,3,5,1,5,2,2,14,14,15,1,98,Eligible,0,CSDS,DBMS,Sem 4,Lateral Entry,Hosteller,0,No,Low Risk
GP,F,16,U,GT3,T,2,3,other,other,reputation,mother,1,2,0,yes,yes,no,yes,yes,yes,no,no,4,4,3,1,3,4,4,11,12,12,1,96,Eligible,1,CSE,Mathematics,Sem 5,Merit,Day Scholar,0,No,Low Risk
GP,F,17,U,GT3,T,1,1,other,other,course,mother,1,2,0,no,yes,no,no,no,yes,no,no,4,4,4,1,3,1,0,14,15,15,1,100,Eligible,1,CSBS,Electronics,Sem 3,Entrance,Day Scholar,0,No,Low Risk
GP,F,17,R,GT3,T,2,2,other,other,reputation,mother,1,1,0,no,yes,no,no,yes,yes,yes,no,5,3,2,1,2,3,21,13,13,13,1,79,Eligible,0,AI & ML,Machine Learning,Sem 5,Management,Hosteller,0,No,Low Risk
GP,F,16,R,GT3,T,2,2,services,services,reputation,mother,2,4,0,no,yes,no,yes,no,yes,yes,no,5,3,5,1,1,5,6,13,13,13,1,94,Eligible,0,IT,Electronics,Sem 2,Management,Day Scholar,0,No,Low Risk
GP,F,17,U,GT3,T,3,4,at_home,services,home,mother,1,3,1,no,yes,yes,no,yes,yes,yes,yes,4,4,3,3,4,5,14,8,9,8,0,86,Eligible,1,CSBS,Operating Systems,Sem 1,Merit,Hosteller,1,Yes,High Risk
GP,F,16,U,GT3,A,3,1,services,other,course,mother,1,2,0,no,yes,no,no,yes,yes,yes,no,2,3,3,2,2,4,2,11,11,12,1,98,Eligible,0,CSE,DBMS,Sem 3,Management,Hosteller,0,No,Low Risk
GP,F,16,U,GT3,T,4,3,teacher,other,other,mother,1,2,0,no,no,no,yes,yes,yes,yes,yes,1,3,2,1,1,1,4,14,15,15,1,96,Eligible,1,CSDS,Operating Systems,Sem 2,Entrance,Hosteller,0,No,Low Risk
GP,F,16,U,GT3,T,1,1,at_home,other,home,mother,2,1,0,no,yes,no,no,yes,yes,no,no,4,3,2,1,4,5,2,12,13,13,1,98,Eligible,1,CSDS,Programming,Sem 2,Entrance,Hosteller,0,No,Low Risk
GP,F,17,R,GT3,T,4,3,teacher,other,reputation,mother,2,3,0,no,yes,no,yes,yes,yes,yes,yes,4,4,2,1,1,4,0,11,12,12,1,100,Eligible,1,IT,Operating Systems,Sem 3,Merit,Day Scholar,0,No,Low Risk
GP,F,19,U,GT3,T,3,3,other,other,reputation,other,1,4,0,no,yes,no,yes,yes,yes,yes,no,4,3,3,1,2,3,4,12,12,12,1,96,Eligible,0,AI & ML,Programming,Sem 5,Entrance,Hosteller,0,No,Low Risk
GP,M,17,U,LE3,T,4,4,services,other,home,mother,1,2,0,no,yes,no,no,yes,yes,yes,yes,5,3,5,4,5,3,15,13,12,12,1,85,Eligible,-1,Food Tech,Programming,Sem 6,Lateral Entry,Hosteller,0,No,Low Risk
GP,F,16,U,GT3,A,2,2,other,other,reputation,mother,1,2,0,yes,yes,no,no,yes,yes,yes,no,3,3,4,1,1,4,0,13,13,13,1,100,Eligible,0,ECE,Machine Learning,Sem 2,Merit,Day Scholar,0,No,Low Risk
GP,M,18,U,GT3,T,2,2,services,other,home,mother,1,2,0,no,yes,no,yes,yes,yes,yes,no,4,4,4,2,4,5,10,12,11,11,1,90,Eligible,-1,AI & ML,Electronics,Sem 4,Entrance,Hosteller,0,No,Low Risk
GP,F,17,R,LE3,T,4,4,services,other,other,mother,1,1,0,no,yes,no,no,yes,yes,no,no,5,2,1,1,2,3,6,12,11,11,1,94,Eligible,-1,Food Tech,Mathematics,Sem 2,Merit,Hosteller,0,No,Low Risk
GP,F,17,U,LE3,T,3,2,other,other,reputation,mother,2,2,0,no,no,no,no,yes,yes,yes,no,4,4,4,1,3,1,2,14,16,15,1,98,Eligible,2,CSDS,Operating Systems,Sem 6,Management,Hosteller,0,No,Low Risk
GP,F,17,U,GT3,T,4,3,other,other,reputation,mother,1,2,0,no,no,no,no,yes,yes,yes,yes,3,4,5,2,4,1,16,11,9,10,1,84,Eligible,-2,EE,DBMS,Sem 5,Entrance,Day Scholar,0,Yes,Low Risk
GP,M,18,U,LE3,T,3,3,services,health,home,father,1,2,0,no,yes,no,no,yes,yes,yes,no,3,2,4,2,4,4,10,10,10,10,1,90,Eligible,0,CSE,Programming,Sem 5,Lateral Entry,Hosteller,0,No,Low Risk
GP,F,17,U,GT3,T,2,3,at_home,other,home,father,2,1,0,no,yes,no,no,yes,yes,no,no,3,3,3,1,4,3,4,12,13,13,1,96,Eligible,1,IT,Electronics,Sem 4,Entrance,Day Scholar,0,No,Low Risk
GP,F,17,U,GT3,T,2,2,at_home,at_home,course,mother,1,3,0,no,yes,no,yes,yes,yes,yes,no,4,3,3,1,1,4,0,12,12,13,1,100,Eligible,0,CSE,Data Structures,Sem 2,Merit,Hosteller,0,No,Low Risk
GP,F,17,R,GT3,T,2,1,at_home,services,reputation,mother,2,2,0,no,yes,no,yes,yes,yes,yes,no,4,2,5,1,2,5,0,11,10,11,1,100,Eligible,-1,ME,Thermodynamics,Sem 5,Merit,Hosteller,0,No,Low Risk
GP,F,17,U,GT3,T,1,1,at_home,other,reputation,mother,1,3,0,no,yes,no,yes,yes,yes,no,yes,4,3,4,1,1,5,12,12,12,12,1,88,Eligible,0,ME,Machine Learning,Sem 6,Entrance,Day Scholar,0,No,Low Risk
GP,F,16,U,GT3,T,2,3,services,teacher,other,mother,1,2,0,yes,no,no,no,yes,yes,yes,no,2,3,1,1,1,3,0,13,13,14,1,100,Eligible,0,AI & ML,Mathematics,Sem 3,Lateral Entry,Hosteller,0,No,Low Risk
GP,M,18,U,GT3,T,2,2,other,other,home,mother,2,2,3,no,yes,yes,no,yes,yes,yes,no,3,3,3,5,5,4,9,10,9,10,1,91,Eligible,-1,CSDS,Mechanics,Sem 1,Lateral Entry,Hosteller,3,Yes,Low Risk
GP,F,16,U,GT3,T,4,4,teacher,services,home,mother,1,3,0,no,yes,no,yes,no,yes,yes,no,5,3,2,1,1,5,4,15,16,16,1,96,Eligible,1,CSDS,Machine Learning,Sem 1,Lateral Entry,Day Scholar,0,No,Low Risk
GP,F,18,R,GT3,T,3,1,other,other,reputation,mother,1,2,0,no,no,no,yes,yes,yes,yes,yes,5,3,3,1,1,4,4,8,8,8,0,96,Eligible,0,ECE,Data Structures,Sem 1,Merit,Day Scholar,0,Yes,High Risk
GP,F,17,U,GT3,T,3,2,other,other,course,mother,1,2,0,no,no,no,yes,no,yes,yes,no,5,3,4,1,3,3,2,17,18,17,1,98,Eligible,1,ECE,Thermodynamics,Sem 2,Entrance,Day Scholar,0,No,Low Risk
GP,M,17,U,LE3,T,2,3,services,services,reputation,father,1,2,0,no,yes,no,no,no,yes,yes,no,5,3,3,1,3,3,0,10,11,11,1,100,Eligible,1,ECE,Data Structures,Sem 4,Management,Day Scholar,0,No,Low Risk
GP,M,18,U,LE3,T,2,1,at_home,other,course,mother,4,2,0,yes,yes,no,yes,yes,yes,yes,yes,4,3,2,4,5,3,2,9,10,11,1,98,Eligible,1,EE,Operating Systems,Sem 5,Merit,Day Scholar,0,No,Low Risk
GP,F,17,U,GT3,A,2,1,other,other,course,mother,2,3,0,no,no,no,yes,yes,yes,yes,yes,3,2,3,1,2,3,0,15,15,16,1,100,Eligible,0,CSBS,Programming,Sem 3,Lateral Entry,Hosteller,0,No,Low Risk
GP,F,17,U,LE3,T,4,3,health,other,reputation,father,1,2,0,no,no,no,yes,yes,yes,yes,yes,3,2,3,1,2,3,0,14,12,12,1,100,Eligible,-2,Civil,Mathematics,Sem 6,Entrance,Day Scholar,0,No,Low Risk
GP,M,17,R,GT3,T,2,2,other,other,course,father,2,2,0,no,yes,no,yes,yes,yes,yes,no,4,5,2,1,1,1,0,12,13,13,1,100,Eligible,1,CSBS,Food Processing,Sem 3,Lateral Entry,Hosteller,0,No,Low Risk
GP,M,17,U,GT3,T,4,4,teacher,teacher,reputation,mother,1,2,0,yes,yes,no,yes,yes,yes,yes,yes,4,5,5,1,3,2,0,13,13,13,1,100,Eligible,0,CSE,Programming,Sem 6,Management,Hosteller,0,No,Low Risk
GP,M,16,U,GT3,T,4,4,health,other,reputation,father,1,2,0,no,yes,no,yes,yes,yes,yes,no,4,2,4,2,4,1,0,13,13,14,1,100,Eligible,0,CSBS,Food Processing,Sem 2,Lateral Entry,Hosteller,0,No,Low Risk
GP,M,16,U,LE3,T,1,1,other,other,home,mother,2,2,0,no,yes,no,no,yes,yes,yes,no,3,4,2,1,1,5,2,9,9,9,0,98,Eligible,0,EE,Thermodynamics,Sem 1,Lateral Entry,Day Scholar,0,Yes,High Risk
GP,M,16,U,GT3,T,3,2,at_home,other,reputation,mother,2,3,0,no,no,no,yes,yes,yes,yes,yes,5,3,3,1,3,2,0,12,12,12,1,100,Eligible,0,CSE,Electronics,Sem 2,Management,Day Scholar,0,No,Low Risk
GP,M,17,U,LE3,T,2,2,other,other,home,father,1,2,0,no,no,no,yes,no,yes,yes,yes,4,4,2,5,5,4,0,16,16,16,1,100,Eligible,0,CSBS,Mechanics,Sem 4,Entrance,Hosteller,0,No,Low Risk
GP,F,16,U,GT3,T,2,1,other,other,home,mother,1,1,0,no,no,no,no,yes,yes,yes,yes,4,5,2,1,1,5,4,9,10,10,1,96,Eligible,1,EE,DBMS,Sem 4,Merit,Day Scholar,0,No,Low Risk
GP,F,16,U,GT3,A,4,1,other,other,home,mother,1,2,0,no,no,no,yes,yes,yes,yes,yes,5,3,3,1,2,5,0,14,13,13,1,100,Eligible,-1,Civil,Programming,Sem 6,Entrance,Day Scholar,0,No,Low Risk
GP,F,18,U,LE3,A,2,4,services,other,course,mother,2,2,1,no,yes,no,no,yes,yes,yes,no,4,3,3,1,1,3,18,10,10,10,1,82,Eligible,0,CSBS,Mathematics,Sem 5,Management,Day Scholar,1,Yes,Low Risk
GP,F,18,U,LE3,T,2,2,at_home,services,course,mother,1,2,1,no,yes,no,no,no,yes,yes,yes,5,3,1,1,1,5,16,9,8,10,1,84,Eligible,-1,EE,Data Structures,Sem 5,Lateral Entry,Day Scholar,1,Yes,Low Risk
GP,F,18,U,GT3,T,3,3,other,other,course,mother,2,1,1,no,no,no,no,yes,no,yes,no,4,1,1,1,1,3,14,8,7,7,0,86,Eligible,-1,ECE,Mathematics,Sem 6,Entrance,Hosteller,1,Yes,High Risk
GP,M,18,U,GT3,T,2,2,other,at_home,course,other,1,1,1,no,yes,no,yes,no,no,yes,yes,4,4,3,2,2,1,26,7,8,8,0,74,Second Chance,1,CSDS,Thermodynamics,Sem 4,Merit,Hosteller,1,Yes,High Risk
GP,M,17,U,GT3,T,4,4,teacher,teacher,course,mother,1,1,0,no,yes,no,yes,no,yes,yes,no,4,2,1,1,2,5,6,10,8,9,0,94,Eligible,-2,ECE,Food Processing,Sem 4,Management,Day Scholar,0,Yes,High Risk
GP,F,17,U,GT3,T,3,2,other,other,course,father,1,2,0,no,no,no,yes,yes,yes,no,no,5,4,2,1,1,3,4,14,14,15,1,96,Eligible,0,CSDS,Data Structures,Sem 4,Entrance,Hosteller,0,No,Low Risk
GP,F,17,U,LE3,T,1,1,at_home,at_home,course,mother,1,3,0,no,yes,no,yes,yes,yes,yes,yes,4,3,2,1,2,4,10,11,10,10,1,90,Eligible,-1,IT,DBMS,Sem 2,Merit,Day Scholar,0,No,Low Risk
GP,F,16,U,GT3,T,1,2,other,other,course,mother,1,1,0,no,no,no,no,yes,no,yes,no,5,3,5,1,2,5,4,12,11,11,1,96,Eligible,-1,IT,DBMS,Sem 4,Management,Day Scholar,0,No,Low Risk
GP,F,17,R,GT3,T,2,1,at_home,services,course,mother,3,2,0,no,no,no,yes,yes,yes,no,no,2,1,1,1,1,3,2,13,13,13,1,98,Eligible,0,IT,Programming,Sem 3,Merit,Hosteller,0,No,Low Risk
GP,F,17,R,LE3,A,1,4,other,other,course,other,4,1,1,no,yes,no,no,yes,yes,yes,no,5,5,4,1,1,5,14,9,9,8,0,86,Eligible,0,Civil,Thermodynamics,Sem 1,Management,Hosteller,1,Yes,High Risk
GP,M,18,U,GT3,T,2,2,other,services,reputation,father,1,2,0,no,no,no,no,yes,no,yes,no,5,5,4,3,5,2,16,8,7,8,0,84,Eligible,-1,ECE,Electronics,Sem 4,Lateral Entry,Hosteller,0,Yes,High Risk
GP,F,17,U,LE3,A,2,2,other,other,home,mother,1,1,1,no,yes,no,no,no,no,yes,no,3,1,2,1,1,1,8,11,9,10,1,92,Eligible,-2,CSDS,Thermodynamics,Sem 6,Entrance,Day Scholar,1,Yes,Low Risk
GP,F,17,R,LE3,T,1,1,at_home,other,course,mother,2,3,0,no,no,no,yes,yes,yes,yes,no,4,3,3,1,3,5,4,15,14,15,1,96,Eligible,-1,EE,Food Processing,Sem 1,Merit,Hosteller,0,No,Low Risk
GP,F,17,U,LE3,A,4,2,teacher,other,course,mother,1,2,0,no,yes,no,yes,yes,yes,no,no,4,3,2,1,1,4,4,15,14,14,1,96,Eligible,-1,CSE,Mathematics,Sem 2,Management,Day Scholar,0,No,Low Risk
GP,M,17,U,LE3,T,4,3,health,other,course,mother,2,2,0,no,no,no,yes,yes,yes,yes,yes,2,5,5,1,4,5,8,15,15,15,1,92,Eligible,0,EE,DBMS,Sem 6,Merit,Hosteller,0,No,Low Risk
GP,M,17,R,LE3,A,4,4,teacher,other,course,mother,2,2,0,no,yes,no,no,yes,yes,yes,no,3,3,3,2,3,4,0,12,12,12,1,100,Eligible,0,CSE,Mathematics,Sem 1,Merit,Hosteller,0,No,Low Risk
GP,M,16,U,LE3,T,4,3,teacher,other,course,mother,1,1,0,no,no,no,yes,no,yes,yes,no,5,4,5,1,1,3,7,14,14,15,1,93,Eligible,0,ME,Mathematics,Sem 6,Entrance,Day Scholar,0,No,Low Risk
GP,M,16,U,GT3,T,4,4,services,services,course,mother,1,1,0,no,no,yes,yes,yes,yes,yes,no,5,3,2,1,2,5,4,14,15,15,1,96,Eligible,1,EE,Mathematics,Sem 2,Lateral Entry,Day Scholar,0,No,Low Risk
GP,F,17,U,GT3,T,4,4,teacher,services,course,mother,1,2,0,no,yes,yes,no,yes,yes,yes,yes,5,3,1,1,4,5,2,11,11,12,1,98,Eligible,0,CSBS,DBMS,Sem 3,Merit,Day Scholar,0,No,Low Risk
GP,M,17,R,GT3,T,1,1,other,other,home,father,2,3,0,no,no,no,no,no,yes,yes,yes,4,3,3,1,1,1,2,13,14,15,1,98,Eligible,1,CSBS,Machine Learning,Sem 2,Management,Day Scholar,0,No,Low Risk
GP,F,17,U,GT3,T,3,3,services,other,home,mother,2,3,0,no,yes,no,no,yes,yes,yes,yes,4,2,2,2,3,5,10,11,11,11,1,90,Eligible,0,AI & ML,Operating Systems,Sem 2,Management,Day Scholar,0,No,Low Risk
GP,F,17,U,GT3,T,1,1,at_home,other,course,mother,1,2,0,yes,no,no,no,no,yes,no,yes,4,3,2,1,1,4,10,10,9,10,1,90,Eligible,-1,ECE,Food Processing,Sem 6,Lateral Entry,Day Scholar,0,Yes,Low Risk
GP,F,18,U,GT3,T,2,1,other,other,course,other,2,3,0,no,yes,no,no,no,yes,yes,yes,4,4,4,1,1,3,10,12,10,11,1,90,Eligible,-2,CSE,Machine Learning,Sem 5,Management,Day Scholar,0,No,Low Risk
GP,M,16,U,GT3,T,2,1,other,other,course,mother,3,1,0,no,no,no,no,yes,yes,yes,no,4,3,3,1,1,4,7,15,16,16,1,93,Eligible,1,CSE,Food Processing,Sem 4,Lateral Entry,Day Scholar,0,No,Low Risk
GP,F,17,U,GT3,T,1,1,other,services,course,father,1,2,0,no,yes,no,no,yes,yes,no,no,4,3,4,1,2,5,4,11,10,11,1,96,Eligible,-1,ECE,Data Structures,Sem 4,Management,Hosteller,0,No,Low Risk
GP,M,17,U,GT3,T,2,3,other,other,course,father,2,1,0,no,no,no,no,yes,yes,yes,no,5,2,2,1,1,2,2,9,12,13,1,98,Eligible,3,Civil,Thermodynamics,Sem 3,Entrance,Day Scholar,0,No,Low Risk
GP,M,22,U,GT3,T,3,1,services,services,other,mother,1,1,3,no,no,no,no,no,no,yes,yes,5,4,5,5,5,1,12,7,8,5,0,88,Eligible,1,AI & ML,Thermodynamics,Sem 3,Merit,Day Scholar,3,Yes,High Risk
GP,M,18,R,LE3,T,3,3,other,services,course,mother,1,2,0,no,yes,no,no,yes,yes,yes,yes,4,3,3,1,3,5,8,10,9,10,1,92,Eligible,-1,Civil,Mechanics,Sem 4,Entrance,Hosteller,0,Yes,Low Risk
GP,M,16,U,GT3,T,0,2,other,other,other,mother,1,1,0,no,no,no,no,no,yes,yes,no,4,3,2,2,4,5,0,11,12,11,1,100,Eligible,1,Civil,Thermodynamics,Sem 5,Merit,Day Scholar,0,No,Low Risk
GP,M,18,U,GT3,T,3,2,services,other,course,mother,2,1,0,no,no,no,no,yes,no,yes,no,4,4,5,2,4,5,8,7,8,7,0,92,Eligible,1,Civil,DBMS,Sem 4,Merit,Hosteller,0,Yes,High Risk
GP,M,16,U,GT3,T,3,3,at_home,other,reputation,other,3,2,1,yes,yes,no,no,no,yes,yes,no,5,3,3,1,3,2,4,9,11,10,1,96,Eligible,2,ECE,Electronics,Sem 5,Merit,Hosteller,1,Yes,Low Risk
GP,M,18,U,GT3,T,2,1,services,services,other,mother,1,1,2,no,no,no,no,no,no,yes,no,3,2,5,2,5,5,4,7,8,6,0,96,Eligible,1,Civil,Programming,Sem 3,Entrance,Day Scholar,2,Yes,High Risk
GP,M,16,R,GT3,T,2,1,other,other,course,mother,2,1,0,no,no,no,yes,no,yes,no,no,3,3,2,1,3,3,2,14,13,12,1,98,Eligible,-1,CSBS,Mechanics,Sem 1,Merit,Hosteller,0,No,Low Risk
GP,M,17,R,GT3,T,2,1,other,other,course,mother,1,1,0,no,no,no,no,no,yes,yes,no,4,4,2,2,4,5,0,12,12,13,1,100,Eligible,0,IT,Programming,Sem 6,Entrance,Day Scholar,0,No,Low Risk
GP,M,17,U,LE3,T,1,1,health,other,course,mother,2,1,1,no,yes,no,yes,yes,yes,yes,no,4,4,4,1,2,5,0,9,10,10,1,100,Eligible,1,ME,Food Processing,Sem 3,Lateral Entry,Hosteller,1,Yes,Low Risk
GP,F,18,U,LE3,A,2,1,other,other,course,mother,1,2,0,no,yes,no,no,no,yes,yes,yes,4,3,4,1,3,5,2,12,12,13,1,98,Eligible,0,CSE,Programming,Sem 3,Management,Hosteller,0,No,Low Risk
GP,F,17,U,LE3,T,4,2,teacher,services,reputation,mother,1,4,0,no,yes,no,yes,yes,yes,yes,no,4,2,3,1,1,4,2,14,15,17,1,98,Eligible,1,CSE,Programming,Sem 2,Management,Hosteller,0,No,Low Risk
GP,F,19,U,GT3,T,2,2,services,services,home,mother,1,2,0,no,yes,no,no,yes,yes,yes,no,4,3,3,1,1,5,0,10,10,11,1,100,Eligible,0,ME,Mechanics,Sem 2,Merit,Day Scholar,0,No,Low Risk
GP,M,18,U,LE3,T,2,1,services,other,course,mother,3,2,1,no,no,no,yes,no,no,yes,no,4,4,5,4,4,5,4,11,10,11,1,96,Eligible,-1,ECE,Data Structures,Sem 2,Entrance,Day Scholar,1,Yes,Low Risk
GP,F,17,R,GT3,T,4,2,other,other,course,mother,1,3,0,no,yes,no,yes,yes,yes,yes,no,4,3,4,1,3,5,2,11,12,14,1,98,Eligible,1,EE,Mathematics,Sem 6,Management,Hosteller,0,No,Low Risk
GP,F,18,U,LE3,T,1,1,other,at_home,home,mother,1,3,0,no,yes,no,no,no,yes,no,no,4,4,3,2,3,3,4,11,12,14,1,96,Eligible,1,ECE,Thermodynamics,Sem 2,Entrance,Hosteller,0,No,Low Risk
GP,F,18,R,GT3,T,2,2,other,other,home,mother,1,2,0,yes,no,no,no,yes,yes,no,no,3,2,3,1,1,5,4,11,11,13,1,96,Eligible,0,CSE,Thermodynamics,Sem 5,Entrance,Day Scholar,0,No,Low Risk
GP,M,19,U,LE3,A,4,3,services,at_home,reputation,mother,1,2,0,no,yes,no,no,yes,yes,yes,no,4,3,1,1,1,1,4,11,13,14,1,96,Eligible,2,CSE,DBMS,Sem 4,Merit,Day Scholar,0,No,Low Risk
GP,M,18,U,GT3,T,2,1,other,other,home,mother,1,2,0,no,no,no,yes,yes,yes,yes,no,5,2,4,1,2,4,2,16,16,16,1,98,Eligible,0,ME,Mechanics,Sem 1,Management,Hosteller,0,No,Low Risk
GP,M,17,R,GT3,T,2,2,other,services,other,mother,2,1,0,no,no,no,no,no,no,no,no,5,2,2,1,1,4,0,9,10,10,1,100,Eligible,1,Civil,DBMS,Sem 3,Merit,Hosteller,0,No,Low Risk
GP,F,17,U,LE3,T,2,2,services,services,course,father,1,4,0,no,no,no,yes,yes,yes,yes,yes,3,4,1,1,1,2,2,10,11,12,1,98,Eligible,1,ECE,Electronics,Sem 5,Merit,Day Scholar,0,No,Low Risk
GP,F,20,R,GT3,T,2,1,other,other,course,other,2,2,0,no,yes,yes,yes,yes,no,yes,yes,1,2,3,1,2,2,8,10,12,12,1,92,Eligible,2,CSDS,Electronics,Sem 1,Management,Day Scholar,0,No,Low Risk
GP,F,18,U,GT3,T,4,3,services,other,home,father,1,2,0,no,yes,no,no,yes,yes,yes,yes,3,1,2,1,3,2,2,15,15,15,1,98,Eligible,0,ME,DBMS,Sem 5,Management,Day Scholar,0,No,Low Risk
GP,M,18,U,GT3,T,4,3,teacher,other,course,mother,1,2,0,no,yes,no,no,no,yes,yes,no,4,3,2,1,1,3,2,10,10,11,1,98,Eligible,0,CSBS,Mechanics,Sem 5,Lateral Entry,Day Scholar,0,No,Low Risk
GP,M,18,R,GT3,T,3,2,other,other,course,mother,1,3,0,no,no,no,yes,no,yes,no,no,5,3,2,1,1,3,2,10,11,12,1,98,Eligible,1,CSE,DBMS,Sem 3,Lateral Entry,Day Scholar,0,No,Low Risk
GP,F,17,U,GT3,T,3,3,other,other,home,mother,1,3,0,no,no,no,yes,no,yes,no,no,3,2,3,1,1,4,2,15,12,13,1,98,Eligible,-3,ME,Thermodynamics,Sem 4,Entrance,Hosteller,0,No,Low Risk
GP,F,18,U,GT3,T,2,2,at_home,services,home,mother,1,3,0,no,yes,no,yes,yes,yes,yes,yes,4,3,3,1,1,3,0,11,12,13,1,100,Eligible,1,ECE,Machine Learning,Sem 2,Management,Day Scholar,0,No,Low Risk
GP,M,17,U,GT3,T,2,2,other,other,home,father,2,1,0,no,no,no,no,yes,no,yes,no,4,4,4,2,3,4,8,8,8,9,0,92,Eligible,0,CSE,Operating Systems,Sem 6,Lateral Entry,Hosteller,0,Yes,High Risk
GP,M,18,R,LE3,A,3,4,other,other,reputation,mother,2,2,0,no,yes,no,yes,yes,yes,yes,no,4,2,5,3,4,1,6,15,16,16,1,94,Eligible,1,EE,Programming,Sem 4,Entrance,Day Scholar,0,No,Low Risk
GP,M,17,U,GT3,T,3,1,services,other,other,mother,1,2,0,no,no,no,yes,yes,yes,yes,yes,5,4,4,3,4,5,0,11,11,14,1,100,Eligible,0,ME,Operating Systems,Sem 6,Entrance,Hosteller,0,No,Low Risk
GP,F,18,R,GT3,T,4,4,teacher,other,reputation,mother,2,2,0,no,no,no,yes,yes,yes,yes,no,4,3,4,2,2,4,8,10,11,12,1,92,Eligible,1,AI & ML,Mechanics,Sem 3,Entrance,Day Scholar,0,No,Low Risk
GP,M,18,U,GT3,T,4,2,health,other,reputation,father,1,2,0,no,yes,no,yes,yes,yes,yes,yes,5,4,5,1,3,5,4,10,12,14,1,96,Eligible,2,CSE,Operating Systems,Sem 3,Lateral Entry,Day Scholar,0,No,Low Risk
GP,F,18,R,GT3,T,2,1,other,other,reputation,mother,2,2,0,no,yes,no,no,yes,no,yes,yes,4,3,5,1,2,3,12,8,9,10,1,88,Eligible,1,ECE,Electronics,Sem 3,Management,Hosteller,0,Yes,Low Risk
GP,F,19,U,GT3,T,3,3,other,services,home,other,1,2,0,no,yes,no,yes,yes,yes,yes,no,4,3,5,3,3,5,16,11,12,12,1,84,Eligible,1,IT,Food Processing,Sem 1,Merit,Hosteller,0,No,Low Risk
GP,F,18,U,GT3,T,2,3,other,services,reputation,father,1,4,0,no,yes,no,yes,yes,yes,yes,yes,4,5,5,1,3,2,10,16,16,16,1,90,Eligible,0,CSDS,Programming,Sem 6,Entrance,Day Scholar,0,No,Low Risk
GP,F,18,U,LE3,T,1,1,other,other,home,mother,2,2,0,no,yes,no,no,no,yes,no,no,4,4,3,1,1,3,2,13,13,13,1,98,Eligible,0,Food Tech,Mathematics,Sem 4,Lateral Entry,Day Scholar,0,No,Low Risk
GP,M,17,R,GT3,T,1,2,at_home,at_home,home,mother,1,2,0,no,yes,no,yes,no,yes,no,yes,3,5,2,2,2,1,2,16,17,18,1,98,Eligible,1,Civil,Mechanics,Sem 4,Lateral Entry,Day Scholar,0,No,Low Risk
GP,F,18,U,GT3,T,2,1,other,other,home,mother,1,2,0,no,yes,no,no,yes,yes,yes,yes,4,2,5,1,2,1,8,14,14,15,1,92,Eligible,0,Food Tech,Programming,Sem 5,Merit,Day Scholar,0,No,Low Risk
GP,F,17,U,GT3,T,2,4,at_home,health,reputation,mother,2,2,0,no,yes,no,no,yes,yes,yes,yes,4,3,3,1,1,1,6,15,16,16,1,94,Eligible,1,ECE,Operating Systems,Sem 5,Merit,Day Scholar,0,No,Low Risk
GP,F,17,U,LE3,T,2,2,services,other,course,mother,2,2,0,yes,yes,no,no,yes,yes,yes,yes,4,4,4,2,3,5,6,12,12,12,1,94,Eligible,0,CSBS,Electronics,Sem 5,Lateral Entry,Hosteller,0,No,Low Risk
GP,F,18,R,GT3,A,3,2,other,services,home,mother,2,2,0,no,no,no,no,no,no,yes,yes,4,1,1,1,1,5,15,12,9,10,1,85,Eligible,-3,CSBS,Data Structures,Sem 3,Management,Hosteller,0,Yes,Low Risk
GP,M,18,U,GT3,T,4,4,teacher,services,home,mother,2,1,0,no,no,no,yes,yes,yes,yes,no,3,2,4,1,4,3,6,11,12,12,1,94,Eligible,1,IT,Machine Learning,Sem 4,Merit,Day Scholar,0,No,Low Risk
GP,F,18,U,GT3,T,4,4,health,health,reputation,father,1,2,1,yes,yes,no,yes,yes,yes,yes,yes,2,4,4,1,1,4,2,14,12,13,1,98,Eligible,-2,Civil,Mathematics,Sem 6,Lateral Entry,Hosteller,1,Yes,Low Risk
GP,F,17,U,GT3,T,2,2,other,services,reputation,father,3,3,0,no,yes,no,no,yes,yes,yes,yes,4,2,3,1,1,1,8,13,15,15,1,92,Eligible,2,AI & ML,Machine Learning,Sem 3,Merit,Hosteller,0,No,Low Risk
GP,F,19,R,GT3,T,3,2,services,services,reputation,father,1,2,1,yes,yes,no,no,yes,no,yes,no,3,3,3,4,3,3,0,9,8,10,1,100,Eligible,-1,IT,Programming,Sem 1,Management,Hosteller,1,Yes,Low Risk
GP,M,18,U,LE3,T,4,3,teacher,services,course,mother,2,1,0,no,no,no,yes,yes,yes,yes,no,4,2,3,1,2,1,0,10,10,10,1,100,Eligible,0,Food Tech,Electronics,Sem 5,Entrance,Day Scholar,0,No,Low Risk
GP,M,18,U,GT3,T,1,2,at_home,other,home,other,2,1,0,no,no,no,no,no,no,yes,no,3,4,4,2,4,4,10,10,10,11,1,90,Eligible,0,IT,Electronics,Sem 3,Merit,Hosteller,0,No,Low Risk
GP,M,17,U,LE3,A,4,1,services,other,home,mother,2,1,0,no,no,no,yes,yes,yes,yes,yes,4,5,4,2,4,5,22,11,11,10,1,78,Eligible,0,Food Tech,Operating Systems,Sem 3,Management,Day Scholar,0,No,Low Risk
GP,M,17,U,LE3,A,3,2,teacher,services,home,mother,1,1,0,no,no,no,no,yes,yes,yes,no,4,4,4,3,4,3,18,13,13,13,1,82,Eligible,0,CSE,Thermodynamics,Sem 1,Lateral Entry,Hosteller,0,No,Low Risk
GP,F,18,R,LE3,T,1,1,at_home,other,reputation,mother,2,4,0,no,yes,no,yes,yes,yes,no,no,5,2,2,1,1,3,2,17,17,18,1,98,Eligible,0,CSBS,Operating Systems,Sem 2,Merit,Day Scholar,0,No,Low Risk
GP,F,18,U,GT3,T,1,1,other,other,home,mother,2,2,0,yes,no,no,yes,yes,yes,yes,no,5,4,4,1,1,4,0,12,13,13,1,100,Eligible,1,CSE,Thermodynamics,Sem 4,Merit,Hosteller,0,No,Low Risk
GP,F,17,U,GT3,T,2,2,other,other,course,mother,1,2,0,no,yes,no,no,no,yes,yes,no,5,4,5,1,2,5,12,12,12,14,1,88,Eligible,0,CSDS,Thermodynamics,Sem 6,Lateral Entry,Day Scholar,0,No,Low Risk
GP,F,18,U,GT3,T,2,1,other,other,reputation,mother,2,2,0,no,no,no,yes,yes,yes,yes,yes,4,3,1,1,1,5,10,12,13,14,1,90,Eligible,1,Civil,Mathematics,Sem 2,Entrance,Day Scholar,0,No,Low Risk
GP,M,17,U,GT3,T,1,1,other,other,reputation,father,1,2,0,no,no,no,no,no,yes,yes,no,4,3,3,1,2,4,0,12,12,12,1,100,Eligible,0,AI & ML,Operating Systems,Sem 5,Lateral Entry,Hosteller,0,No,Low Risk
GP,F,18,U,GT3,T,2,2,at_home,at_home,other,mother,1,3,0,no,yes,no,no,yes,yes,yes,no,4,3,3,1,2,2,0,18,18,18,1,100,Eligible,0,Food Tech,Data Structures,Sem 3,Merit,Day Scholar,0,No,Low Risk
GP,F,17,U,GT3,T,1,1,services,teacher,reputation,mother,1,3,0,no,yes,no,no,yes,yes,yes,no,4,3,3,1,1,3,0,13,13,14,1,100,Eligible,0,AI & ML,DBMS,Sem 1,Lateral Entry,Day Scholar,0,No,Low Risk
GP,M,18,U,GT3,T,2,1,services,services,reputation,mother,1,3,0,no,no,no,yes,yes,yes,yes,no,4,2,4,1,3,2,0,14,15,15,1,100,Eligible,1,Food Tech,DBMS,Sem 1,Management,Day Scholar,0,No,Low Risk
GP,M,18,U,LE3,A,4,4,teacher,teacher,reputation,mother,1,2,0,no,yes,no,yes,yes,yes,yes,no,5,4,3,1,1,2,0,17,17,17,1,100,Eligible,0,ECE,Operating Systems,Sem 4,Lateral Entry,Day Scholar,0,No,Low Risk
GP,M,18,U,GT3,T,4,2,teacher,other,home,mother,1,2,0,no,yes,no,yes,yes,yes,yes,yes,4,3,2,1,4,5,2,15,16,16,1,98,Eligible,1,IT,Operating Systems,Sem 2,Merit,Day Scholar,0,No,Low Risk
GP,F,17,U,GT3,T,4,3,health,services,reputation,mother,1,3,0,no,yes,no,no,yes,yes,yes,no,4,2,2,1,2,3,0,17,18,18,1,100,Eligible,1,CSDS,Machine Learning,Sem 4,Lateral Entry,Day Scholar,0,No,Low Risk
GP,F,17,R,LE3,T,3,1,services,other,reputation,mother,2,4,0,no,yes,no,no,yes,yes,no,no,3,1,2,1,1,3,0,18,19,19,1,100,Eligible,1,CSBS,Mathematics,Sem 3,Entrance,Day Scholar,0,No,Low Risk
GP,M,18,R,LE3,T,3,2,services,other,reputation,mother,2,3,0,no,yes,no,yes,yes,yes,yes,no,5,4,2,1,1,4,0,14,15,15,1,100,Eligible,1,Food Tech,Operating Systems,Sem 4,Lateral Entry,Day Scholar,0,No,Low Risk
GP,M,17,U,GT3,T,3,3,health,other,home,mother,1,1,0,no,yes,no,no,yes,yes,yes,no,4,4,3,1,3,5,0,14,15,15,1,100,Eligible,1,AI & ML,Machine Learning,Sem 6,Entrance,Hosteller,0,No,Low Risk
GP,F,19,U,GT3,T,4,4,health,other,reputation,other,2,2,0,no,yes,no,yes,yes,yes,yes,no,2,3,4,2,3,2,2,14,13,13,1,98,Eligible,-1,CSDS,Thermodynamics,Sem 1,Management,Hosteller,0,No,Low Risk
GP,F,18,U,LE3,T,4,3,other,other,home,other,2,2,0,no,yes,no,no,yes,yes,yes,yes,4,4,5,1,2,2,0,13,14,14,1,100,Eligible,1,EE,Electronics,Sem 1,Entrance,Day Scholar,0,No,Low Risk
GP,F,18,U,GT3,T,4,3,other,other,reputation,father,1,4,0,no,yes,no,no,yes,yes,yes,no,4,3,3,1,1,3,0,16,17,17,1,100,Eligible,1,EE,Electronics,Sem 5,Lateral Entry,Day Scholar,0,No,Low Risk
GP,M,18,U,LE3,T,4,4,teacher,teacher,home,mother,1,1,0,no,yes,no,no,yes,yes,yes,yes,1,4,2,2,2,1,0,18,18,17,1,100,Eligible,0,CSE,Thermodynamics,Sem 5,Merit,Hosteller,0,No,Low Risk
GP,F,18,U,LE3,A,4,4,health,other,home,mother,1,2,0,no,yes,yes,no,yes,yes,yes,yes,4,2,4,1,1,4,0,14,15,15,1,100,Eligible,1,CSBS,Mechanics,Sem 3,Entrance,Hosteller,0,No,Low Risk
GP,M,17,U,LE3,T,4,4,other,teacher,home,father,2,1,0,no,no,no,no,yes,yes,yes,no,4,1,1,2,2,5,0,12,13,13,1,100,Eligible,1,ECE,Machine Learning,Sem 6,Management,Hosteller,0,No,Low Risk
GP,F,17,R,GT3,T,4,4,services,services,reputation,mother,2,3,0,no,yes,no,yes,yes,yes,yes,no,5,3,4,1,1,5,0,7,7,8,0,100,Eligible,0,AI & ML,Machine Learning,Sem 2,Entrance,Day Scholar,0,Yes,High Risk
GP,F,17,U,GT3,T,4,2,other,other,reputation,mother,2,3,0,no,yes,no,no,yes,yes,yes,no,4,3,3,1,1,3,0,16,16,16,1,100,Eligible,0,IT,Thermodynamics,Sem 4,Entrance,Hosteller,0,No,Low Risk
GP,F,17,U,GT3,T,3,2,health,health,reputation,father,1,4,0,no,yes,no,yes,no,yes,yes,no,5,2,2,1,2,5,0,18,18,18,1,100,Eligible,0,IT,Data Structures,Sem 3,Entrance,Day Scholar,0,No,Low Risk
GP,M,19,R,LE3,T,2,1,at_home,services,course,mother,2,3,1,no,no,no,yes,yes,yes,yes,yes,4,3,1,1,1,5,0,9,10,11,1,100,Eligible,1,AI & ML,Food Processing,Sem 5,Management,Day Scholar,1,Yes,Low Risk
GP,M,20,U,GT3,A,3,2,services,other,course,other,1,1,2,no,no,no,yes,yes,yes,no,no,5,5,3,1,1,5,0,14,15,15,1,100,Eligible,1,Civil,Programming,Sem 4,Lateral Entry,Hosteller,2,Yes,Low Risk
GP,M,19,R,GT3,T,3,3,other,services,reputation,father,1,2,0,no,no,no,yes,yes,yes,no,yes,4,5,3,1,2,5,0,10,10,11,1,100,Eligible,0,ECE,Thermodynamics,Sem 5,Entrance,Day Scholar,0,No,Low Risk
GP,F,18,U,GT3,T,1,4,other,teacher,home,mother,1,2,0,yes,yes,no,no,no,yes,no,yes,3,4,4,1,2,5,2,10,10,11,1,98,Eligible,0,CSDS,Operating Systems,Sem 4,Entrance,Day Scholar,0,No,Low Risk
GP,F,18,U,GT3,T,2,1,services,other,course,mother,2,2,0,no,yes,no,yes,yes,yes,yes,no,5,3,3,1,2,1,2,12,12,15,1,98,Eligible,0,Food Tech,Operating Systems,Sem 2,Merit,Day Scholar,0,No,Low Risk
GP,F,17,U,GT3,T,2,3,other,other,course,father,2,2,0,no,no,no,yes,yes,yes,yes,yes,4,2,1,1,1,3,2,11,12,14,1,98,Eligible,1,Civil,Mathematics,Sem 3,Management,Day Scholar,0,No,Low Risk
GP,F,17,R,GT3,T,4,4,teacher,teacher,course,mother,1,1,0,no,no,no,yes,yes,yes,yes,no,4,4,4,1,1,5,2,15,16,17,1,98,Eligible,1,Food Tech,Thermodynamics,Sem 4,Entrance,Hosteller,0,No,Low Risk
GP,F,18,U,GT3,T,4,3,other,other,course,mother,1,3,0,no,yes,no,yes,yes,yes,yes,yes,4,3,4,1,1,5,2,14,15,17,1,98,Eligible,1,Food Tech,Mathematics,Sem 6,Management,Hosteller,0,No,Low Risk
GP,F,18,U,LE3,T,4,3,health,services,course,mother,2,1,0,no,yes,no,no,yes,yes,yes,no,3,2,4,1,4,1,8,12,12,15,1,92,Eligible,0,Civil,Thermodynamics,Sem 1,Entrance,Day Scholar,0,No,Low Risk
GP,F,17,R,GT3,T,3,4,at_home,services,course,father,1,3,0,no,yes,no,yes,no,yes,yes,no,4,3,4,2,5,5,2,15,15,17,1,98,Eligible,0,CSE,Machine Learning,Sem 6,Lateral Entry,Day Scholar,0,No,Low Risk
GP,F,18,U,GT3,T,3,3,at_home,other,course,father,1,2,0,no,yes,no,no,yes,yes,yes,no,4,1,4,1,1,3,8,11,12,14,1,92,Eligible,1,EE,Programming,Sem 6,Lateral Entry,Hosteller,0,No,Low Risk
GP,M,19,U,GT3,T,4,2,health,other,course,mother,2,2,0,no,yes,no,yes,yes,yes,yes,yes,5,4,4,1,1,1,9,11,10,10,1,91,Eligible,-1,Food Tech,Machine Learning,Sem 1,Entrance,Day Scholar,0,No,Low Risk
GP,F,18,U,GT3,T,4,4,teacher,other,course,mother,1,2,0,no,yes,no,no,yes,yes,yes,no,4,4,4,3,3,5,0,12,11,13,1,100,Eligible,-1,Civil,Food Processing,Sem 6,Lateral Entry,Hosteller,0,No,Low Risk
GP,F,18,U,GT3,T,3,4,other,other,course,mother,1,1,0,no,yes,no,yes,yes,yes,yes,yes,5,4,4,1,1,1,4,11,12,14,1,96,Eligible,1,Civil,Electronics,Sem 4,Entrance,Day Scholar,0,No,Low Risk
GP,F,17,U,GT3,T,4,4,health,health,course,mother,1,1,0,no,no,no,yes,yes,yes,yes,no,5,3,4,1,2,5,2,14,15,17,1,98,Eligible,1,ME,DBMS,Sem 4,Lateral Entry,Day Scholar,0,No,Low Risk
GP,F,17,U,GT3,A,4,3,services,services,course,mother,1,2,0,no,yes,no,no,yes,yes,yes,yes,5,2,2,1,2,5,14,15,14,17,1,86,Eligible,-1,CSE,Thermodynamics,Sem 4,Merit,Hosteller,0,No,Low Risk
GP,F,17,U,LE3,A,3,3,services,other,home,mother,1,2,0,yes,yes,no,no,yes,yes,yes,no,5,3,3,1,1,5,0,12,12,13,1,100,Eligible,0,CSBS,Food Processing,Sem 1,Merit,Hosteller,0,No,Low Risk
GP,F,17,U,LE3,T,2,1,other,other,home,father,1,2,0,no,no,no,yes,yes,yes,yes,no,4,2,3,2,2,2,2,11,12,14,1,98,Eligible,1,ME,Electronics,Sem 6,Merit,Hosteller,0,No,Low Risk
GP,M,18,U,LE3,T,4,4,other,other,reputation,father,1,1,0,no,yes,no,no,yes,yes,yes,no,4,2,5,3,4,5,2,8,9,11,1,98,Eligible,1,ME,Mechanics,Sem 1,Management,Hosteller,0,Yes,Low Risk
GP,F,19,U,GT3,T,1,1,other,other,course,other,3,3,0,no,no,no,yes,yes,no,no,yes,1,5,5,4,3,5,12,10,10,11,1,88,Eligible,0,AI & ML,Programming,Sem 4,Management,Day Scholar,0,No,Low Risk
GP,F,19,U,LE3,A,1,1,other,other,course,other,3,2,2,no,yes,no,no,no,yes,yes,yes,5,3,4,1,1,4,2,8,8,9,0,98,Eligible,0,EE,Mathematics,Sem 6,Merit,Hosteller,2,Yes,High Risk
GP,F,18,U,GT3,T,2,2,other,other,course,mother,1,1,0,no,yes,no,yes,yes,yes,yes,yes,4,3,5,2,4,5,2,10,10,10,1,98,Eligible,0,Civil,Mathematics,Sem 6,Management,Day Scholar,0,No,Low Risk
GP,F,17,U,GT3,T,2,2,other,other,course,mother,1,2,0,no,yes,no,no,yes,yes,no,yes,4,2,2,1,1,3,4,14,13,13,1,96,Eligible,-1,EE,Machine Learning,Sem 5,Lateral Entry,Hosteller,0,No,Low Risk
GP,F,17,R,LE3,T,2,2,services,services,course,mother,1,3,0,no,yes,no,yes,yes,yes,yes,no,3,3,2,2,2,3,0,11,11,10,1,100,Eligible,0,ECE,Operating Systems,Sem 5,Entrance,Hosteller,0,No,Low Risk
GP,F,17,U,GT3,T,3,1,services,services,course,father,1,3,0,no,yes,no,no,no,yes,yes,no,3,4,3,2,3,5,0,17,18,17,1,100,Eligible,1,AI & ML,Electronics,Sem 2,Entrance,Day Scholar,0,No,Low Risk
GP,F,17,U,LE3,T,0,2,at_home,at_home,home,father,2,3,0,no,no,no,no,yes,yes,yes,no,3,3,3,2,3,2,0,14,14,15,1,100,Eligible,0,CSBS,Mechanics,Sem 3,Entrance,Hosteller,0,No,Low Risk
GP,F,18,U,GT3,T,1,1,other,other,home,mother,2,3,0,no,no,no,yes,yes,yes,yes,no,4,5,5,1,2,2,0,14,14,14,1,100,Eligible,0,EE,Food Processing,Sem 5,Merit,Hosteller,0,No,Low Risk
GP,M,18,U,GT3,T,4,4,other,other,course,mother,1,3,0,no,no,no,yes,yes,yes,yes,no,4,3,3,2,2,3,0,13,14,13,1,100,Eligible,1,IT,Programming,Sem 1,Management,Hosteller,0,No,Low Risk
GP,M,17,U,GT3,T,3,3,other,services,reputation,mother,1,1,0,no,no,no,yes,no,yes,yes,no,4,3,5,3,5,5,0,17,18,17,1,100,Eligible,1,Food Tech,Electronics,Sem 5,Lateral Entry,Hosteller,0,No,Low Risk
GP,M,17,R,GT3,T,2,2,services,other,course,mother,4,1,0,no,yes,no,no,yes,yes,yes,no,4,4,5,5,5,4,2,11,10,10,1,98,Eligible,-1,ECE,Mechanics,Sem 2,Lateral Entry,Day Scholar,0,No,Low Risk
GP,F,17,U,GT3,T,4,4,teacher,services,course,mother,1,3,0,no,yes,no,yes,yes,yes,yes,no,5,4,4,1,3,4,0,13,12,13,1,100,Eligible,-1,CSE,DBMS,Sem 6,Merit,Day Scholar,0,No,Low Risk
GP,F,17,U,GT3,T,4,4,teacher,teacher,course,mother,2,3,0,no,yes,no,no,no,yes,yes,yes,4,3,3,1,2,4,4,15,14,15,1,96,Eligible,-1,CSBS,Thermodynamics,Sem 2,Lateral Entry,Hosteller,0,No,Low Risk
GP,F,17,U,GT3,T,3,3,at_home,other,course,mother,1,1,0,no,yes,yes,yes,yes,yes,yes,no,4,2,5,2,5,5,2,11,12,11,1,98,Eligible,1,ECE,Mathematics,Sem 6,Lateral Entry,Hosteller,0,No,Low Risk
GP,M,18,U,LE3,T,2,2,other,other,course,mother,1,4,0,no,yes,yes,yes,yes,yes,yes,no,4,5,5,2,4,5,0,11,11,12,1,100,Eligible,0,Food Tech,Food Processing,Sem 6,Lateral Entry,Hosteller,0,No,Low Risk
GP,M,19,R,GT3,T,3,2,at_home,services,home,other,1,1,0,no,yes,no,no,no,yes,no,yes,5,3,4,2,2,5,0,11,10,10,1,100,Eligible,-1,AI & ML,Mathematics,Sem 3,Lateral Entry,Day Scholar,0,No,Low Risk
GP,F,18,U,GT3,T,2,2,at_home,other,course,mother,4,2,0,no,no,no,yes,yes,yes,no,yes,4,2,5,1,1,2,2,10,9,10,1,98,Eligible,-1,Food Tech,Food Processing,Sem 5,Management,Day Scholar,0,Yes,Low Risk
GP,F,17,R,GT3,T,2,4,at_home,other,course,father,1,3,0,no,yes,no,no,yes,yes,yes,yes,4,4,3,1,1,5,0,15,15,15,1,100,Eligible,0,ME,Machine Learning,Sem 1,Lateral Entry,Day Scholar,0,No,Low Risk
GP,M,18,U,GT3,T,2,2,other,other,reputation,mother,1,1,0,no,no,no,no,no,yes,yes,no,5,4,2,1,2,5,6,15,14,15,1,94,Eligible,-1,Food Tech,Operating Systems,Sem 1,Entrance,Day Scholar,0,No,Low Risk
GP,F,18,U,GT3,T,3,3,services,services,home,mother,1,2,0,no,no,no,yes,yes,yes,yes,no,5,3,4,1,1,4,8,10,11,12,1,92,Eligible,1,ME,Food Processing,Sem 4,Merit,Hosteller,0,No,Low Risk
GP,F,18,U,LE3,T,2,2,other,other,home,other,1,2,0,no,no,no,yes,no,yes,yes,yes,4,3,3,1,1,2,0,10,9,12,1,100,Eligible,-1,AI & ML,Mathematics,Sem 6,Management,Hosteller,0,Yes,Low Risk
GP,F,18,R,GT3,T,2,2,at_home,other,course,mother,2,4,0,no,no,no,yes,yes,yes,no,no,4,4,4,1,1,4,6,14,13,14,1,94,Eligible,-1,CSDS,Machine Learning,Sem 1,Lateral Entry,Hosteller,0,No,Low Risk
GP,F,17,U,GT3,T,3,4,services,other,course,mother,1,3,0,no,no,no,no,yes,yes,yes,no,4,4,5,1,3,5,8,11,13,14,1,92,Eligible,2,ME,Food Processing,Sem 3,Management,Day Scholar,0,No,Low Risk
GP,F,17,U,GT3,T,3,2,other,other,home,mother,1,2,0,no,yes,no,no,yes,yes,yes,yes,4,3,2,2,3,2,0,12,13,15,1,100,Eligible,1,CSE,DBMS,Sem 6,Lateral Entry,Hosteller,0,No,Low Risk
GP,F,18,U,LE3,T,3,3,services,services,home,mother,1,4,0,no,yes,no,no,yes,yes,yes,no,5,3,3,1,1,1,4,14,14,15,1,96,Eligible,0,Food Tech,Operating Systems,Sem 3,Entrance,Day Scholar,0,No,Low Risk
GP,F,17,R,GT3,A,3,2,other,other,home,mother,1,2,0,no,yes,no,no,yes,yes,yes,no,4,3,3,2,3,2,0,14,14,16,1,100,Eligible,0,Food Tech,Food Processing,Sem 1,Merit,Day Scholar,0,No,Low Risk
GP,M,18,U,GT3,T,4,4,teacher,services,home,father,1,2,0,no,yes,no,yes,yes,yes,yes,no,4,3,3,2,2,2,0,12,12,13,1,100,Eligible,0,CSE,Machine Learning,Sem 1,Lateral Entry,Hosteller,0,No,Low Risk
GP,M,18,U,LE3,T,3,4,services,other,home,mother,1,2,0,no,no,no,yes,yes,yes,yes,yes,4,3,3,1,3,5,6,16,16,17,1,94,Eligible,0,IT,Electronics,Sem 4,Lateral Entry,Hosteller,0,No,Low Risk
GP,F,17,U,GT3,A,2,2,at_home,at_home,home,father,1,2,0,no,yes,no,no,yes,yes,yes,yes,3,3,1,1,2,4,18,10,12,14,1,82,Eligible,2,Civil,Data Structures,Sem 1,Lateral Entry,Hosteller,0,No,Low Risk
GP,F,18,U,GT3,T,2,3,at_home,other,course,mother,1,3,0,no,yes,no,no,yes,yes,yes,no,4,3,3,1,2,3,0,11,12,14,1,100,Eligible,1,CSDS,Mechanics,Sem 6,Lateral Entry,Day Scholar,0,No,Low Risk
GP,F,18,U,GT3,T,3,2,other,services,other,mother,1,3,0,no,no,no,no,yes,yes,yes,yes,5,4,3,2,3,1,4,14,16,17,1,96,Eligible,2,CSBS,Data Structures,Sem 6,Merit,Day Scholar,0,No,Low Risk
GP,M,18,R,GT3,T,4,3,teacher,services,course,mother,1,3,0,no,no,no,no,yes,yes,yes,yes,5,3,2,1,2,4,4,15,14,17,1,96,Eligible,-1,ME,Data Structures,Sem 6,Merit,Hosteller,0,No,Low Risk
GP,M,18,U,GT3,T,4,3,teacher,other,course,mother,1,3,0,no,yes,no,no,yes,yes,yes,yes,5,4,5,2,3,5,0,14,13,14,1,100,Eligible,-1,CSE,Programming,Sem 4,Entrance,Hosteller,0,No,Low Risk
GP,F,17,U,GT3,T,4,3,health,other,reputation,mother,1,3,0,no,yes,no,yes,yes,yes,yes,yes,4,4,3,1,3,4,0,11,12,13,1,100,Eligible,1,AI & ML,DBMS,Sem 4,Merit,Day Scholar,0,No,Low Risk
GP,F,17,U,GT3,T,2,1,services,other,course,mother,2,2,0,no,yes,no,yes,yes,yes,yes,yes,4,3,4,2,2,1,10,12,15,15,1,90,Eligible,3,ME,Electronics,Sem 1,Lateral Entry,Hosteller,0,No,Low Risk
GP,F,17,U,GT3,T,2,1,services,other,reputation,mother,1,2,0,no,yes,no,yes,yes,yes,yes,no,4,3,5,2,4,4,4,12,16,16,1,96,Eligible,4,Civil,Thermodynamics,Sem 2,Entrance,Day Scholar,0,No,Low Risk
GP,F,19,U,LE3,A,2,3,at_home,other,home,other,2,1,1,no,no,no,no,yes,no,yes,no,2,2,3,3,4,5,16,10,11,11,1,84,Eligible,1,AI & ML,Food Processing,Sem 2,Entrance,Day Scholar,1,Yes,Low Risk
GP,F,17,U,GT3,T,3,1,other,at_home,home,mother,1,1,1,no,yes,yes,no,yes,yes,yes,yes,4,1,2,1,1,3,6,10,13,13,1,94,Eligible,3,ECE,Mechanics,Sem 4,Entrance,Hosteller,1,Yes,Low Risk
GP,F,21,U,LE3,T,4,4,other,other,reputation,other,1,3,2,no,no,yes,yes,yes,yes,yes,no,3,3,2,1,1,5,0,9,12,12,1,100,Eligible,3,Food Tech,Operating Systems,Sem 1,Lateral Entry,Hosteller,2,Yes,Low Risk
GP,M,18,U,LE3,T,2,2,services,services,reputation,mother,1,2,0,no,yes,no,yes,no,no,yes,no,4,4,4,1,3,3,11,9,11,12,1,89,Eligible,2,ECE,Electronics,Sem 2,Management,Hosteller,0,No,Low Risk
GP,M,18,U,LE3,A,3,4,other,other,reputation,other,1,2,0,no,no,no,yes,yes,yes,yes,yes,4,3,5,1,4,2,9,13,14,15,1,91,Eligible,1,ME,Mathematics,Sem 1,Lateral Entry,Hosteller,0,No,Low Risk
GP,F,17,U,GT3,T,2,2,services,services,reputation,mother,1,2,0,no,yes,no,yes,yes,yes,yes,no,4,3,4,1,3,4,0,13,17,17,1,100,Eligible,4,Civil,Thermodynamics,Sem 1,Merit,Day Scholar,0,No,Low Risk
GP,M,17,U,LE3,A,4,4,health,other,reputation,mother,1,3,0,no,yes,no,no,yes,yes,yes,no,4,4,2,1,2,4,2,12,15,15,1,98,Eligible,3,CSDS,Programming,Sem 1,Merit,Day Scholar,0,No,Low Risk
GP,F,18,U,LE3,T,4,2,teacher,other,course,mother,1,2,0,no,yes,no,yes,yes,yes,yes,no,4,2,2,1,1,3,0,14,17,17,1,100,Eligible,3,ME,Programming,Sem 5,Lateral Entry,Day Scholar,0,No,Low Risk
GP,M,21,R,LE3,T,1,1,at_home,other,course,other,2,2,2,no,yes,no,yes,yes,no,yes,yes,5,3,3,5,2,4,21,9,10,10,1,79,Eligible,1,CSE,Electronics,Sem 6,Lateral Entry,Hosteller,2,Yes,Low Risk
GP,F,20,R,GT3,T,1,1,other,other,reputation,other,2,3,0,no,no,no,no,yes,yes,yes,yes,3,2,2,1,3,3,8,11,15,15,1,92,Eligible,4,EE,Machine Learning,Sem 1,Entrance,Day Scholar,0,No,Low Risk
GP,F,19,U,GT3,T,4,4,teacher,other,home,other,1,1,1,no,yes,no,no,yes,yes,yes,yes,3,2,5,4,4,5,5,9,10,11,1,95,Eligible,1,ME,Data Structures,Sem 5,Lateral Entry,Hosteller,1,Yes,Low Risk
GP,M,17,U,LE3,A,3,2,other,other,reputation,mother,1,2,0,no,yes,no,no,yes,yes,yes,no,4,4,4,1,2,5,10,16,18,18,1,90,Eligible,2,Food Tech,Mathematics,Sem 4,Entrance,Hosteller,0,No,Low Risk
GP,F,18,U,GT3,T,3,2,at_home,other,reputation,father,1,3,0,no,yes,no,no,yes,yes,yes,yes,4,3,4,1,2,2,5,14,17,17,1,95,Eligible,3,Food Tech,Programming,Sem 2,Merit,Hosteller,0,No,Low Risk
GP,M,18,R,GT3,T,2,3,other,services,reputation,father,1,1,0,no,no,no,no,yes,yes,yes,no,3,1,3,4,5,4,13,13,14,14,1,87,Eligible,1,ME,Mechanics,Sem 6,Entrance,Hosteller,0,No,Low Risk
GP,M,19,U,GT3,T,2,1,other,other,reputation,mother,1,1,0,no,no,no,no,yes,yes,yes,no,5,3,4,1,4,4,10,7,11,11,1,90,Eligible,4,AI & ML,Programming,Sem 2,Lateral Entry,Hosteller,0,No,Low Risk
GP,F,18,U,LE3,A,2,2,services,other,reputation,mother,2,2,0,no,yes,no,no,yes,yes,yes,no,4,1,4,1,3,4,10,14,17,17,1,90,Eligible,3,EE,Operating Systems,Sem 6,Merit,Hosteller,0,No,Low Risk
GP,F,20,U,GT3,T,1,0,other,other,reputation,mother,2,1,1,yes,no,no,no,yes,yes,yes,yes,5,3,1,1,1,5,5,8,10,10,1,95,Eligible,2,CSE,Food Processing,Sem 2,Management,Day Scholar,1,Yes,Low Risk
GP,F,18,U,GT3,T,3,2,services,other,home,mother,1,2,0,no,yes,no,yes,no,yes,yes,yes,3,1,2,1,2,1,4,10,13,13,1,96,Eligible,3,ME,Programming,Sem 6,Entrance,Hosteller,0,No,Low Risk
MS,F,16,U,GT3,T,1,3,at_home,other,other,father,2,1,0,no,yes,no,no,yes,no,yes,yes,4,3,3,1,3,5,11,10,11,11,1,89,Eligible,1,AI & ML,Operating Systems,Sem 2,Merit,Day Scholar,0,No,Low Risk
MS,F,16,R,GT3,T,2,2,other,other,course,mother,2,2,0,no,yes,no,yes,yes,yes,yes,no,4,4,4,1,1,5,0,12,12,12,1,100,Eligible,0,Food Tech,Electronics,Sem 2,Entrance,Day Scholar,0,No,Low Risk
MS,F,15,R,GT3,T,1,1,at_home,services,other,mother,1,1,1,no,yes,no,no,yes,yes,no,yes,4,1,3,1,1,2,6,10,10,10,1,94,Eligible,0,Food Tech,Electronics,Sem 2,Merit,Hosteller,1,Yes,Low Risk
MS,F,15,R,GT3,T,3,3,at_home,other,course,mother,2,1,0,no,yes,no,no,yes,yes,yes,no,5,4,4,2,3,5,4,10,10,11,1,96,Eligible,0,Civil,Thermodynamics,Sem 2,Merit,Hosteller,0,No,Low Risk
MS,F,16,R,GT3,T,2,3,at_home,services,course,mother,2,2,0,no,no,no,no,yes,yes,no,no,4,5,2,1,2,5,0,16,17,17,1,100,Eligible,1,ME,Programming,Sem 4,Entrance,Hosteller,0,No,Low Risk
MS,F,15,R,LE3,T,2,1,at_home,other,home,mother,2,1,0,no,no,no,no,yes,no,no,no,1,3,4,1,1,1,0,6,8,9,0,100,Eligible,2,EE,Mechanics,Sem 1,Management,Day Scholar,0,Yes,High Risk
MS,M,16,R,LE3,A,4,4,at_home,other,home,mother,1,2,0,no,yes,no,no,yes,yes,no,no,5,3,2,1,3,2,5,10,11,11,1,95,Eligible,1,IT,Programming,Sem 3,Merit,Hosteller,0,No,Low Risk
MS,M,16,U,GT3,A,1,2,other,other,other,mother,1,3,0,yes,no,no,no,yes,yes,yes,no,4,4,3,1,1,5,0,10,11,11,1,100,Eligible,1,EE,Mechanics,Sem 5,Merit,Day Scholar,0,No,Low Risk
MS,F,17,R,GT3,T,3,2,at_home,other,course,father,1,2,1,no,no,no,no,yes,yes,no,yes,4,5,4,1,2,5,0,10,10,10,1,100,Eligible,0,Food Tech,DBMS,Sem 3,Merit,Hosteller,1,Yes,Low Risk
MS,F,17,R,GT3,T,1,1,other,other,other,father,1,1,1,no,yes,no,no,no,no,yes,no,5,4,4,2,2,5,0,6,6,7,0,100,Eligible,0,Food Tech,Thermodynamics,Sem 3,Management,Hosteller,1,Yes,High Risk
MS,F,15,R,GT3,T,4,4,teacher,other,course,mother,2,1,0,no,no,no,no,yes,yes,yes,yes,1,5,1,3,5,5,0,13,14,14,1,100,Eligible,1,ECE,DBMS,Sem 6,Management,Day Scholar,0,No,Low Risk
MS,F,16,U,LE3,A,2,2,at_home,other,reputation,mother,2,4,0,no,no,no,yes,no,no,no,yes,1,2,1,1,1,1,4,10,9,11,1,96,Eligible,-1,Food Tech,Programming,Sem 1,Lateral Entry,Day Scholar,0,Yes,Low Risk
MS,F,15,R,LE3,T,1,1,at_home,services,reputation,father,2,2,0,no,yes,no,no,yes,yes,yes,no,5,4,3,1,2,4,0,10,10,10,1,100,Eligible,0,CSE,Thermodynamics,Sem 6,Entrance,Hosteller,0,No,Low Risk
MS,F,15,R,LE3,T,1,1,other,services,course,mother,2,1,1,no,yes,no,no,yes,yes,yes,yes,4,4,3,1,2,2,4,6,7,8,0,96,Eligible,1,CSBS,DBMS,Sem 1,Management,Day Scholar,1,Yes,High Risk
MS,F,16,R,GT3,T,0,2,other,other,other,mother,2,1,0,no,yes,no,yes,yes,yes,no,no,3,2,3,1,2,2,0,12,11,12,1,100,Eligible,-1,ME,Data Structures,Sem 1,Entrance,Day Scholar,0,No,Low Risk
MS,F,17,R,GT3,T,2,3,other,other,course,mother,2,1,0,no,yes,no,no,yes,yes,yes,no,5,5,5,1,3,3,2,10,11,12,1,98,Eligible,1,EE,Programming,Sem 2,Lateral Entry,Day Scholar,0,No,Low Risk
MS,F,15,R,GT3,T,3,3,other,services,course,father,2,1,0,no,no,no,no,no,yes,yes,no,4,1,3,1,1,4,0,14,16,16,1,100,Eligible,2,CSBS,DBMS,Sem 4,Entrance,Day Scholar,0,No,Low Risk
MS,M,16,U,GT3,T,1,1,at_home,services,home,mother,2,2,0,no,yes,no,yes,yes,yes,no,yes,5,4,5,4,5,3,0,7,0,0,0,100,Eligible,-7,AI & ML,Data Structures,Sem 2,Management,Day Scholar,0,Yes,High Risk
MS,M,17,U,GT3,T,1,1,other,other,home,mother,1,2,0,no,no,yes,no,no,yes,yes,no,4,4,3,2,4,5,4,8,9,9,0,96,Eligible,1,IT,Data Structures,Sem 4,Entrance,Hosteller,0,Yes,High Risk
MS,M,15,R,LE3,T,4,1,health,services,reputation,father,1,2,0,no,yes,no,yes,yes,yes,yes,no,5,3,4,1,2,2,0,12,13,14,1,100,Eligible,1,CSE,Electronics,Sem 6,Management,Hosteller,0,No,Low Risk
MS,M,15,R,LE3,T,4,1,health,services,reputation,father,1,2,0,no,yes,no,yes,yes,yes,yes,no,5,3,4,1,2,2,7,7,9,8,0,93,Eligible,2,EE,Programming,Sem 4,Entrance,Day Scholar,0,Yes,High Risk
MS,M,16,R,GT3,T,3,4,other,health,other,mother,3,2,0,no,no,no,no,no,yes,no,no,3,4,5,1,2,5,4,9,10,11,1,96,Eligible,1,CSBS,Data Structures,Sem 6,Management,Hosteller,0,No,Low Risk
MS,M,15,R,GT3,T,1,1,other,other,course,mother,4,2,0,no,yes,no,yes,yes,yes,no,yes,5,4,5,2,4,4,8,7,9,9,0,92,Eligible,2,IT,Electronics,Sem 3,Management,Hosteller,0,Yes,High Risk
MS,M,15,U,LE3,T,3,3,at_home,at_home,reputation,father,1,2,0,no,yes,no,yes,yes,yes,yes,no,5,3,3,1,1,5,0,11,11,11,1,100,Eligible,0,ECE,DBMS,Sem 3,Entrance,Day Scholar,0,No,Low Risk
MS,M,17,R,GT3,T,2,1,other,other,other,mother,3,1,0,no,no,no,yes,yes,no,no,yes,5,5,5,5,5,3,8,8,10,9,0,92,Eligible,2,CSE,Operating Systems,Sem 4,Lateral Entry,Hosteller,0,No,High Risk
MS,F,16,R,GT3,T,4,4,teacher,teacher,course,mother,2,3,0,no,no,no,yes,yes,yes,yes,yes,4,2,2,1,1,4,6,16,16,17,1,94,Eligible,0,CSE,Programming,Sem 4,Merit,Day Scholar,0,No,Low Risk
MS,F,15,R,GT3,T,1,2,other,services,course,mother,2,1,0,no,no,no,no,yes,yes,no,no,5,1,2,1,1,1,3,11,13,13,1,97,Eligible,2,ECE,Thermodynamics,Sem 6,Lateral Entry,Day Scholar,0,No,Low Risk
MS,F,16,R,GT3,T,2,3,other,services,course,mother,3,2,0,no,yes,no,no,yes,yes,yes,no,4,5,4,1,2,1,2,15,15,15,1,98,Eligible,0,ME,Mechanics,Sem 2,Entrance,Hosteller,0,No,Low Risk
MS,M,16,R,GT3,T,1,2,other,other,course,father,2,2,0,no,no,no,no,yes,yes,no,no,4,3,3,1,1,5,0,10,11,11,1,100,Eligible,1,ECE,Mechanics,Sem 6,Lateral Entry,Day Scholar,0,No,Low Risk
MS,F,16,R,GT3,T,2,2,other,other,course,mother,3,2,0,no,yes,no,no,yes,yes,yes,no,4,4,5,1,1,4,4,9,10,11,1,96,Eligible,1,CSE,DBMS,Sem 2,Management,Day Scholar,0,No,Low Risk
MS,F,16,U,GT3,T,1,2,other,services,course,mother,1,3,1,no,yes,no,no,yes,yes,no,no,1,3,2,1,2,4,0,10,8,8,0,100,Eligible,-2,CSE,Machine Learning,Sem 3,Merit,Day Scholar,1,Yes,High Risk
MS,F,16,U,GT3,T,1,2,other,services,course,mother,1,3,1,no,yes,no,no,yes,yes,no,no,1,3,2,1,2,4,3,9,8,8,0,97,Eligible,-1,CSBS,Machine Learning,Sem 1,Entrance,Day Scholar,1,Yes,High Risk
MS,F,15,U,GT3,T,2,1,at_home,other,home,mother,1,2,0,yes,yes,no,no,no,yes,yes,no,4,4,2,3,3,2,0,9,10,9,0,100,Eligible,1,Food Tech,DBMS,Sem 4,Entrance,Day Scholar,0,No,High Risk
MS,F,16,U,GT3,T,1,1,at_home,other,course,father,1,2,0,no,yes,no,no,no,yes,no,yes,5,4,3,2,1,2,0,13,14,15,1,100,Eligible,1,IT,Data Structures,Sem 2,Entrance,Hosteller,0,No,Low Risk
MS,M,17,R,LE3,T,1,2,at_home,services,reputation,mother,1,1,0,no,yes,no,yes,yes,yes,yes,no,5,5,5,5,5,3,4,10,11,11,1,96,Eligible,1,ECE,Programming,Sem 6,Merit,Hosteller,0,No,Low Risk
MS,F,16,R,GT3,T,1,1,other,other,home,father,4,4,0,no,yes,no,no,no,yes,yes,no,4,3,2,1,1,1,0,13,10,13,1,100,Eligible,-3,IT,Mechanics,Sem 3,Management,Day Scholar,0,No,Low Risk
MS,F,16,R,GT3,T,1,1,at_home,other,other,father,4,3,0,yes,yes,no,no,yes,yes,no,no,4,4,3,1,1,5,2,10,9,10,1,98,Eligible,-1,ECE,Mechanics,Sem 2,Entrance,Day Scholar,0,Yes,Low Risk
MS,F,15,R,GT3,T,1,1,at_home,other,home,father,2,2,0,no,yes,no,yes,yes,yes,yes,no,4,3,3,1,1,2,1,11,10,11,1,99,Eligible,-1,AI & ML,Data Structures,Sem 6,Lateral Entry,Hosteller,0,No,Low Risk
MS,F,16,R,GT3,T,1,1,at_home,other,other,mother,2,1,0,no,no,no,yes,yes,yes,yes,yes,4,2,2,4,3,2,0,13,12,14,1,100,Eligible,-1,CSE,Mechanics,Sem 4,Entrance,Day Scholar,0,No,Low Risk
MS,F,15,R,GT3,T,1,1,at_home,at_home,course,father,3,2,0,no,yes,no,no,yes,yes,no,no,4,2,1,1,2,2,0,13,14,14,1,100,Eligible,1,Food Tech,Thermodynamics,Sem 4,Entrance,Hosteller,0,No,Low Risk
MS,F,15,R,LE3,T,2,2,other,other,other,father,1,3,0,yes,yes,no,no,yes,yes,no,no,4,4,3,2,2,5,2,14,11,12,1,98,Eligible,-3,CSBS,Programming,Sem 5,Entrance,Day Scholar,0,No,Low Risk
MS,M,16,R,GT3,T,1,1,at_home,other,other,father,2,1,0,no,no,no,yes,yes,yes,no,no,3,4,4,3,4,5,6,11,11,11,1,94,Eligible,0,Food Tech,Food Processing,Sem 1,Entrance,Day Scholar,0,No,Low Risk
MS,F,18,U,GT3,T,1,2,other,other,course,father,1,2,1,no,yes,no,yes,yes,yes,yes,yes,3,4,4,2,3,5,9,9,8,8,0,91,Eligible,-1,Food Tech,Mechanics,Sem 5,Management,Day Scholar,1,Yes,High Risk
MS,M,15,U,GT3,T,3,1,other,services,home,mother,2,1,0,no,yes,no,no,yes,yes,no,no,3,2,3,1,3,4,0,10,9,11,1,100,Eligible,-1,Food Tech,DBMS,Sem 3,Lateral Entry,Day Scholar,0,Yes,Low Risk
MS,F,16,R,GT3,T,2,2,other,services,course,father,3,2,0,no,yes,no,yes,yes,yes,yes,no,5,3,4,1,1,2,1,14,13,14,1,99,Eligible,-1,IT,Thermodynamics,Sem 2,Management,Day Scholar,0,No,Low Risk
MS,M,15,U,GT3,T,2,2,health,other,reputation,mother,3,1,0,no,no,no,no,yes,yes,no,no,4,3,3,1,2,4,1,13,12,13,1,99,Eligible,-1,ECE,Mechanics,Sem 3,Lateral Entry,Day Scholar,0,No,Low Risk
MS,M,16,U,GT3,T,4,4,other,teacher,course,father,1,2,0,no,yes,no,yes,yes,yes,no,yes,4,3,1,1,1,3,0,13,12,13,1,100,Eligible,-1,CSDS,Thermodynamics,Sem 6,Entrance,Day Scholar,0,No,Low Risk
MS,F,15,R,GT3,T,3,3,services,other,reputation,mother,1,2,0,no,yes,no,no,yes,yes,yes,yes,4,5,4,1,1,1,4,13,12,12,1,96,Eligible,-1,AI & ML,Electronics,Sem 4,Merit,Hosteller,0,No,Low Risk
MS,F,16,R,GT3,T,2,2,at_home,other,course,mother,2,2,1,no,yes,no,yes,no,yes,no,no,4,4,4,2,3,5,2,12,11,12,1,98,Eligible,-1,EE,Food Processing,Sem 5,Management,Hosteller,1,Yes,Low Risk
MS,F,16,R,LE3,T,2,2,other,other,home,father,3,1,0,no,yes,no,yes,yes,yes,no,yes,4,3,2,1,1,4,0,14,14,16,1,100,Eligible,0,Food Tech,Mathematics,Sem 5,Merit,Hosteller,0,No,Low Risk
MS,M,16,U,LE3,T,2,1,at_home,services,course,mother,2,1,0,no,yes,no,yes,yes,yes,yes,no,2,4,3,2,3,4,4,10,8,10,1,96,Eligible,-2,ME,DBMS,Sem 5,Management,Day Scholar,0,Yes,Low Risk
MS,M,15,R,LE3,T,1,3,at_home,other,reputation,father,3,1,0,no,yes,no,yes,yes,yes,yes,no,4,2,4,3,5,3,2,10,11,11,1,98,Eligible,1,IT,DBMS,Sem 3,Entrance,Day Scholar,0,No,Low Risk
MS,F,15,U,GT3,T,2,2,other,services,course,mother,2,3,0,no,yes,no,yes,yes,yes,no,no,5,3,2,1,1,4,0,12,13,14,1,100,Eligible,1,CSBS,Programming,Sem 4,Management,Day Scholar,0,No,Low Risk
MS,F,16,R,LE3,T,2,1,other,other,home,mother,1,1,0,no,yes,no,no,yes,yes,yes,yes,5,4,3,1,1,5,2,10,8,8,0,98,Eligible,-2,EE,Thermodynamics,Sem 2,Entrance,Day Scholar,0,Yes,High Risk
MS,M,15,U,GT3,T,3,3,services,services,course,father,2,1,0,no,yes,no,yes,no,yes,yes,no,4,3,3,2,4,3,11,12,10,11,1,89,Eligible,-2,CSDS,Data Structures,Sem 6,Management,Day Scholar,0,No,Low Risk
MS,F,16,R,GT3,T,1,1,at_home,other,course,father,2,2,3,yes,yes,no,no,yes,yes,no,no,3,4,3,1,1,1,0,7,7,8,0,100,Eligible,0,ME,DBMS,Sem 2,Entrance,Day Scholar,3,Yes,High Risk
MS,F,17,U,GT3,T,2,2,other,at_home,course,mother,1,1,0,no,yes,no,yes,yes,no,no,no,4,5,3,1,1,5,4,9,9,10,1,96,Eligible,0,CSDS,Thermodynamics,Sem 3,Entrance,Day Scholar,0,Yes,Low Risk
MS,F,19,U,GT3,T,2,3,at_home,services,course,other,1,1,1,no,no,no,no,yes,no,yes,yes,4,4,4,1,1,2,0,9,9,10,1,100,Eligible,0,EE,Thermodynamics,Sem 6,Lateral Entry,Hosteller,1,Yes,Low Risk
MS,F,17,R,GT3,T,2,1,at_home,other,course,mother,3,1,0,no,yes,no,yes,yes,no,no,yes,5,5,3,1,1,3,2,9,10,11,1,98,Eligible,1,Food Tech,Operating Systems,Sem 5,Entrance,Day Scholar,0,No,Low Risk
MS,F,15,R,LE3,T,1,1,at_home,other,course,mother,2,1,0,no,yes,no,no,yes,no,no,yes,5,2,1,1,3,4,0,9,10,9,0,100,Eligible,1,ME,Operating Systems,Sem 1,Lateral Entry,Hosteller,0,No,High Risk
MS,F,16,R,GT3,T,2,2,other,other,course,father,3,2,0,no,yes,no,no,yes,no,yes,no,3,4,5,1,2,1,1,9,10,11,1,99,Eligible,1,CSDS,Mathematics,Sem 3,Entrance,Hosteller,0,No,Low Risk
MS,F,16,U,LE3,A,2,2,other,other,home,mother,1,1,0,no,yes,no,no,yes,no,no,no,4,3,4,1,2,1,6,7,7,8,0,94,Eligible,0,CSBS,Electronics,Sem 3,Merit,Day Scholar,0,Yes,High Risk
MS,F,17,R,GT3,T,2,2,at_home,other,course,mother,2,2,0,no,yes,no,no,yes,yes,yes,no,4,3,5,1,2,4,0,11,10,11,1,100,Eligible,-1,ECE,Mathematics,Sem 4,Entrance,Day Scholar,0,No,Low Risk
MS,F,16,U,GT3,T,2,2,other,services,course,father,1,1,1,no,yes,yes,yes,no,yes,yes,no,4,4,3,1,4,3,1,9,10,10,1,99,Eligible,1,CSE,Mechanics,Sem 2,Merit,Hosteller,1,Yes,Low Risk
MS,F,18,R,LE3,A,3,2,other,other,course,other,2,3,2,no,yes,no,no,no,no,no,yes,3,3,2,1,1,2,6,7,9,10,1,94,Eligible,2,ECE,Data Structures,Sem 3,Merit,Hosteller,2,Yes,Low Risk
MS,F,19,U,GT3,T,1,1,at_home,services,course,mother,1,3,1,no,no,no,yes,yes,no,no,yes,5,3,1,1,1,3,6,7,9,9,0,94,Eligible,2,EE,Mechanics,Sem 3,Entrance,Day Scholar,1,Yes,High Risk
MS,M,18,R,GT3,T,1,1,other,other,home,mother,2,1,1,no,no,no,yes,yes,no,yes,no,4,4,3,3,4,4,0,8,9,10,1,100,Eligible,1,IT,Machine Learning,Sem 5,Merit,Day Scholar,1,Yes,Low Risk
MS,F,18,R,GT3,T,1,1,at_home,at_home,course,mother,2,1,1,no,no,no,no,no,no,yes,yes,3,2,3,1,1,2,4,9,11,10,1,96,Eligible,2,CSE,Mechanics,Sem 5,Lateral Entry,Hosteller,1,Yes,Low Risk
MS,F,19,U,GT3,T,1,1,other,other,course,other,2,2,1,no,yes,no,no,yes,yes,yes,yes,1,1,4,4,1,1,12,7,8,9,0,88,Eligible,1,AI & ML,Programming,Sem 6,Management,Day Scholar,1,Yes,High Risk
MS,F,16,R,GT3,A,2,2,health,other,course,mother,1,2,0,no,no,no,no,no,yes,no,yes,3,3,2,1,1,3,2,8,10,10,1,98,Eligible,2,CSBS,Mechanics,Sem 1,Entrance,Day Scholar,0,No,Low Risk
MS,F,17,U,GT3,T,0,1,other,at_home,course,father,2,1,0,no,no,no,yes,no,yes,no,no,2,4,4,3,5,5,5,9,9,10,1,95,Eligible,0,AI & ML,Mathematics,Sem 4,Merit,Day Scholar,0,Yes,Low Risk
MS,F,16,R,LE3,T,1,2,at_home,other,course,mother,1,2,0,no,no,no,yes,yes,no,yes,no,4,4,5,1,3,3,0,8,9,9,0,100,Eligible,1,ME,DBMS,Sem 1,Entrance,Hosteller,0,Yes,High Risk
MS,F,16,U,GT3,T,3,3,other,other,reputation,mother,1,1,0,no,no,no,yes,yes,no,yes,yes,4,5,4,1,1,4,0,14,13,13,1,100,Eligible,-1,CSE,DBMS,Sem 6,Lateral Entry,Hosteller,0,No,Low Risk
MS,F,16,R,LE3,T,1,1,services,services,home,mother,1,1,0,no,yes,no,yes,yes,yes,yes,yes,4,4,4,2,2,4,2,14,14,14,1,98,Eligible,0,AI & ML,Operating Systems,Sem 5,Entrance,Hosteller,0,No,Low Risk
MS,M,17,U,GT3,T,3,3,services,at_home,course,mother,2,4,1,no,yes,yes,yes,yes,yes,no,no,5,4,5,3,4,5,0,10,11,10,1,100,Eligible,1,AI & ML,Data Structures,Sem 2,Entrance,Day Scholar,1,Yes,Low Risk
MS,F,16,U,GT3,T,2,1,other,services,course,mother,1,2,0,no,yes,no,yes,yes,yes,yes,no,5,3,3,1,1,1,0,14,13,14,1,100,Eligible,-1,CSDS,Data Structures,Sem 5,Merit,Day Scholar,0,No,Low Risk
MS,F,16,U,GT3,T,2,2,services,other,course,mother,1,1,0,no,yes,yes,yes,yes,yes,no,yes,4,2,5,1,2,5,0,17,16,16,1,100,Eligible,-1,ECE,Programming,Sem 4,Lateral Entry,Hosteller,0,No,Low Risk
MS,M,17,U,GT3,T,1,2,other,other,course,father,1,1,1,no,yes,no,yes,yes,no,yes,yes,5,3,5,5,5,1,12,6,7,7,0,88,Eligible,1,CSDS,Mathematics,Sem 5,Management,Hosteller,1,Yes,High Risk
MS,M,16,U,LE3,T,4,3,other,other,course,father,1,1,0,no,no,no,yes,yes,yes,yes,no,4,2,5,1,5,5,8,14,12,13,1,92,Eligible,-2,CSE,Operating Systems,Sem 4,Management,Hosteller,0,No,Low Risk
MS,M,17,R,LE3,T,2,2,services,services,other,mother,3,4,1,no,yes,no,no,yes,yes,no,no,1,3,5,3,5,3,2,10,8,9,0,98,Eligible,-2,CSE,Machine Learning,Sem 4,Merit,Day Scholar,1,Yes,High Risk
MS,F,16,U,GT3,T,1,1,other,other,course,other,1,4,0,yes,yes,no,yes,yes,yes,yes,no,2,2,1,1,1,5,0,14,14,14,1,100,Eligible,0,EE,Data Structures,Sem 4,Entrance,Hosteller,0,No,Low Risk
MS,F,19,U,LE3,T,2,2,other,other,home,mother,1,3,0,no,no,no,no,yes,yes,yes,yes,5,4,5,1,1,1,0,12,13,13,1,100,Eligible,1,CSDS,DBMS,Sem 6,Merit,Hosteller,0,No,Low Risk
MS,F,17,R,GT3,T,1,1,at_home,other,reputation,mother,2,1,0,no,yes,no,yes,no,yes,yes,yes,4,4,5,1,2,5,0,11,11,11,1,100,Eligible,0,Civil,Mechanics,Sem 4,Merit,Day Scholar,0,No,Low Risk
MS,F,20,U,GT3,T,3,3,at_home,services,other,mother,2,2,1,no,no,no,yes,yes,yes,yes,yes,3,3,4,2,4,3,8,11,9,10,1,92,Eligible,-2,ECE,Mechanics,Sem 4,Merit,Day Scholar,1,Yes,Low Risk
MS,F,17,U,LE3,T,1,1,other,services,course,father,1,3,0,no,yes,no,no,yes,yes,no,yes,4,3,3,1,1,3,0,11,11,10,1,100,Eligible,0,CSE,Operating Systems,Sem 2,Entrance,Day Scholar,0,No,Low Risk
MS,M,17,R,GT3,T,2,2,other,other,course,mother,3,1,1,no,yes,no,no,no,yes,yes,no,4,4,5,1,2,5,0,10,9,9,0,100,Eligible,-1,EE,Mathematics,Sem 1,Lateral Entry,Hosteller,1,Yes,High Risk
MS,F,16,R,LE3,T,1,1,at_home,other,course,father,3,2,0,no,yes,no,no,yes,yes,no,no,5,3,2,1,1,1,0,16,17,18,1,100,Eligible,1,CSDS,Mathematics,Sem 3,Merit,Day Scholar,0,No,Low Risk
MS,F,17,R,GT3,T,2,2,other,other,reputation,mother,2,2,0,no,yes,no,yes,yes,yes,no,no,5,3,2,1,1,1,0,15,17,17,1,100,Eligible,2,ECE,Electronics,Sem 1,Entrance,Day Scholar,0,No,Low Risk
MS,F,17,U,GT3,A,1,0,other,other,other,mother,2,2,0,no,no,no,no,yes,yes,yes,yes,4,4,5,1,1,4,1,11,9,10,1,99,Eligible,-2,CSDS,Food Processing,Sem 4,Lateral Entry,Hosteller,0,Yes,Low Risk
MS,F,18,R,GT3,T,1,1,at_home,other,other,mother,1,2,1,no,yes,no,no,yes,yes,yes,yes,4,3,2,1,1,5,9,7,7,7,0,91,Eligible,0,AI & ML,Data Structures,Sem 2,Merit,Day Scholar,1,Yes,High Risk
MS,F,16,U,GT3,T,3,1,other,other,course,mother,1,1,0,no,no,no,yes,yes,yes,yes,no,3,1,3,1,3,1,0,8,6,8,0,100,Eligible,-2,EE,Mathematics,Sem 5,Management,Hosteller,0,Yes,High Risk
MS,F,16,U,GT3,T,3,2,services,at_home,course,mother,1,1,0,no,no,no,no,yes,yes,yes,no,3,1,3,1,4,3,2,7,6,7,0,98,Eligible,-1,ECE,DBMS,Sem 2,Lateral Entry,Hosteller,0,Yes,High Risk
MS,F,18,U,LE3,T,1,1,other,at_home,reputation,mother,2,2,0,yes,no,no,no,yes,yes,no,no,2,3,5,1,4,3,8,9,8,10,1,92,Eligible,-1,Food Tech,Operating Systems,Sem 4,Merit,Day Scholar,0,Yes,Low Risk
MS,F,16,R,GT3,T,4,4,health,teacher,reputation,father,1,2,0,no,no,no,yes,no,yes,yes,yes,4,3,3,2,3,2,0,14,16,16,1,100,Eligible,2,ME,Machine Learning,Sem 2,Lateral Entry,Day Scholar,0,No,Low Risk
MS,F,16,R,LE3,T,1,2,other,other,reputation,mother,2,1,0,no,no,no,yes,yes,yes,yes,no,5,4,5,1,4,2,0,14,14,15,1,100,Eligible,0,ME,Electronics,Sem 2,Lateral Entry,Day Scholar,0,No,Low Risk
MS,F,18,U,GT3,A,2,4,other,services,reputation,father,1,2,1,no,yes,no,no,yes,yes,yes,no,2,3,2,1,3,1,8,8,5,8,0,92,Eligible,-3,ECE,Thermodynamics,Sem 4,Lateral Entry,Day Scholar,1,Yes,High Risk
MS,M,16,R,GT3,T,2,1,other,services,reputation,mother,2,2,0,no,no,no,yes,yes,yes,yes,no,5,2,1,1,1,2,0,8,7,0,0,100,Eligible,-1,CSDS,Programming,Sem 6,Lateral Entry,Day Scholar,0,Yes,High Risk
MS,F,16,U,LE3,T,1,1,at_home,other,other,mother,3,2,0,no,yes,no,no,yes,yes,yes,no,4,3,2,1,3,5,6,6,8,8,0,94,Eligible,2,EE,Machine Learning,Sem 2,Lateral Entry,Day Scholar,0,Yes,High Risk
MS,F,16,R,GT3,T,2,3,at_home,services,other,mother,2,2,0,no,yes,no,yes,yes,yes,yes,no,3,3,3,1,1,2,0,8,10,10,1,100,Eligible,2,ME,Thermodynamics,Sem 3,Lateral Entry,Hosteller,0,No,Low Risk
MS,F,16,U,GT3,T,4,4,health,health,course,mother,1,2,0,no,yes,no,no,yes,yes,yes,yes,4,3,4,1,2,3,4,8,8,8,0,96,Eligible,0,EE,Mechanics,Sem 3,Merit,Hosteller,0,Yes,High Risk
MS,M,18,U,LE3,T,4,4,at_home,health,home,mother,1,4,0,no,yes,no,yes,yes,no,yes,yes,5,5,5,5,5,5,2,5,6,6,0,98,Eligible,1,ME,Programming,Sem 2,Management,Day Scholar,0,Yes,High Risk
MS,F,16,R,LE3,T,3,4,at_home,other,other,mother,3,2,0,no,yes,no,no,no,yes,no,no,4,2,1,1,1,2,2,7,9,8,0,98,Eligible,2,AI & ML,Data Structures,Sem 6,Entrance,Hosteller,0,Yes,High Risk
MS,M,17,U,LE3,T,4,4,other,services,home,mother,1,3,0,no,yes,no,no,yes,yes,yes,no,4,4,3,1,2,5,0,15,14,16,1,100,Eligible,-1,CSDS,DBMS,Sem 5,Lateral Entry,Day Scholar,0,No,Low Risk
MS,F,17,R,GT3,T,4,1,other,other,other,mother,1,1,0,no,no,no,no,yes,yes,yes,yes,4,2,3,1,2,5,1,13,14,14,1,99,Eligible,1,AI & ML,Programming,Sem 4,Entrance,Hosteller,0,No,Low Risk
MS,M,16,U,LE3,T,2,2,services,services,other,mother,4,3,0,no,no,no,no,yes,yes,no,no,5,1,3,2,2,3,0,10,9,10,1,100,Eligible,-1,ME,Food Processing,Sem 3,Merit,Hosteller,0,Yes,Low Risk
MS,F,17,R,GT3,T,2,2,at_home,other,other,mother,1,1,0,no,yes,yes,no,yes,yes,yes,no,5,1,3,1,2,5,5,9,9,9,0,95,Eligible,0,Food Tech,Thermodynamics,Sem 5,Lateral Entry,Hosteller,0,Yes,High Risk
MS,F,16,U,LE3,T,4,4,services,services,other,father,2,1,0,no,yes,no,no,yes,yes,no,no,5,1,3,1,2,5,1,11,11,11,1,99,Eligible,0,Food Tech,Data Structures,Sem 2,Management,Day Scholar,0,No,Low Risk
MS,M,17,U,GT3,T,3,3,services,services,home,mother,1,1,0,no,yes,no,yes,yes,yes,yes,no,4,1,4,5,5,3,8,7,10,9,0,92,Eligible,3,AI & ML,Food Processing,Sem 5,Entrance,Hosteller,0,No,High Risk
MS,M,17,U,GT3,T,1,1,at_home,services,other,mother,3,2,0,no,no,no,no,yes,yes,yes,yes,5,1,3,3,3,1,0,10,10,10,1,100,Eligible,0,Food Tech,Mechanics,Sem 1,Lateral Entry,Day Scholar,0,No,Low Risk
MS,M,16,U,GT3,T,2,1,health,services,other,mother,2,2,0,no,no,no,no,no,yes,yes,yes,4,2,2,1,4,5,2,9,7,8,0,98,Eligible,-2,ME,Food Processing,Sem 3,Merit,Hosteller,0,Yes,High Risk
MS,F,16,U,LE3,T,2,1,other,services,other,mother,1,2,0,no,no,no,no,yes,yes,yes,yes,3,2,2,1,1,3,0,14,15,16,1,100,Eligible,1,ECE,Electronics,Sem 2,Management,Hosteller,0,No,Low Risk
MS,M,16,U,LE3,T,4,4,teacher,health,other,father,1,1,0,no,yes,no,no,yes,yes,yes,no,4,1,2,2,5,5,0,11,12,12,1,100,Eligible,1,AI & ML,Electronics,Sem 4,Entrance,Hosteller,0,No,Low Risk
MS,M,15,R,GT3,T,1,2,other,services,course,mother,3,2,0,no,yes,no,yes,yes,yes,no,no,5,5,5,1,3,5,11,9,11,10,1,89,Eligible,2,IT,Operating Systems,Sem 6,Entrance,Hosteller,0,No,Low Risk
MS,M,15,U,LE3,A,2,2,other,other,reputation,mother,3,4,0,no,yes,no,yes,yes,yes,no,no,5,4,5,2,3,5,8,13,14,14,1,92,Eligible,1,CSDS,Machine Learning,Sem 2,Lateral Entry,Hosteller,0,No,Low Risk
MS,M,15,U,LE3,A,2,1,services,services,course,mother,1,1,0,no,no,no,yes,yes,yes,yes,no,4,3,3,1,2,5,11,12,13,12,1,89,Eligible,1,Food Tech,Machine Learning,Sem 4,Management,Day Scholar,0,No,Low Risk
MS,F,16,R,LE3,T,2,2,other,other,course,mother,1,3,0,no,yes,no,no,no,yes,no,yes,4,3,3,2,2,5,2,11,11,11,1,98,Eligible,0,Food Tech,Data Structures,Sem 6,Management,Day Scholar,0,No,Low Risk
MS,F,16,U,LE3,T,4,1,other,other,home,mother,2,2,0,no,yes,no,yes,yes,yes,yes,no,1,2,4,2,2,1,8,9,10,10,1,92,Eligible,1,CSE,Mechanics,Sem 6,Management,Hosteller,0,No,Low Risk
MS,F,17,U,GT3,T,3,2,at_home,other,home,mother,2,1,0,no,no,no,no,yes,yes,no,yes,4,3,3,2,2,1,5,9,11,11,1,95,Eligible,2,Civil,Mathematics,Sem 2,Management,Hosteller,0,No,Low Risk
MS,F,17,R,GT3,T,2,2,other,other,other,mother,2,2,0,yes,no,yes,no,yes,yes,no,no,5,1,3,1,1,5,0,11,9,11,1,100,Eligible,-2,AI & ML,Electronics,Sem 5,Merit,Hosteller,0,Yes,Low Risk
MS,F,16,U,GT3,T,4,4,teacher,services,course,mother,2,3,0,no,yes,no,no,yes,yes,yes,yes,5,3,5,1,4,5,1,10,11,12,1,99,Eligible,1,CSBS,Data Structures,Sem 5,Management,Hosteller,0,No,Low Risk
MS,M,17,R,GT3,T,4,4,health,other,course,father,3,1,3,no,no,no,yes,yes,yes,yes,yes,3,3,3,1,3,5,2,9,9,8,0,98,Eligible,0,Food Tech,Mathematics,Sem 6,Entrance,Day Scholar,3,Yes,High Risk
MS,M,17,R,LE3,T,1,3,other,other,course,father,2,1,0,no,no,no,yes,yes,yes,no,yes,5,1,2,3,3,5,2,12,11,12,1,98,Eligible,-1,CSDS,Machine Learning,Sem 5,Entrance,Hosteller,0,No,Low Risk
MS,M,17,U,GT3,T,3,4,services,other,other,mother,1,2,1,no,yes,no,yes,no,yes,yes,yes,5,4,4,3,4,5,8,8,9,8,0,92,Eligible,1,IT,Operating Systems,Sem 1,Merit,Day Scholar,1,Yes,High Risk
MS,F,17,U,GT3,T,4,4,health,health,course,father,1,2,0,no,yes,no,no,yes,yes,yes,no,5,2,5,1,1,5,0,13,15,16,1,100,Eligible,2,Food Tech,Food Processing,Sem 6,Entrance,Hosteller,0,No,Low Risk
MS,M,16,R,LE3,T,4,1,other,at_home,other,father,1,1,0,no,no,no,no,yes,yes,yes,no,4,1,2,2,1,2,0,10,11,11,1,100,Eligible,1,IT,Electronics,Sem 6,Entrance,Day Scholar,0,No,Low Risk
MS,F,17,U,GT3,A,1,1,at_home,at_home,other,mother,1,2,0,no,no,no,yes,yes,yes,yes,yes,4,5,5,1,2,3,2,11,10,11,1,98,Eligible,-1,ME,Data Structures,Sem 4,Management,Hosteller,0,No,Low Risk
MS,F,17,R,GT3,T,4,2,other,other,course,mother,2,2,0,yes,yes,no,no,no,yes,yes,no,4,3,3,2,3,5,0,17,18,18,1,100,Eligible,1,ME,Programming,Sem 5,Entrance,Hosteller,0,No,Low Risk
MS,M,16,U,LE3,A,2,2,other,services,course,father,2,2,0,no,yes,no,no,no,yes,yes,yes,4,1,2,2,2,5,0,12,13,13,1,100,Eligible,1,Civil,Mathematics,Sem 6,Merit,Day Scholar,0,No,Low Risk
MS,M,17,U,GT3,T,3,2,other,other,other,father,2,2,0,no,yes,yes,no,yes,yes,yes,no,4,1,2,2,2,1,0,13,14,13,1,100,Eligible,1,ECE,Food Processing,Sem 1,Management,Hosteller,0,No,Low Risk
MS,M,19,U,GT3,T,1,1,other,other,other,mother,1,2,2,no,yes,no,yes,yes,no,yes,no,4,4,3,3,4,4,2,9,9,10,1,98,Eligible,0,CSBS,Electronics,Sem 4,Lateral Entry,Hosteller,2,Yes,Low Risk
MS,M,17,U,LE3,A,1,0,other,other,home,mother,1,1,0,no,no,no,no,yes,yes,no,yes,4,1,2,1,1,5,4,11,11,12,1,96,Eligible,0,CSE,Machine Learning,Sem 2,Management,Hosteller,0,No,Low Risk
MS,F,17,R,GT3,T,1,1,at_home,at_home,course,father,2,1,0,no,yes,no,yes,yes,no,yes,yes,3,5,5,2,2,4,3,10,11,10,1,97,Eligible,1,Civil,Mechanics,Sem 6,Merit,Day Scholar,0,No,Low Risk
MS,F,16,R,GT3,T,1,2,other,other,home,father,1,3,0,yes,yes,no,no,no,yes,yes,yes,4,3,4,1,1,3,5,13,14,13,1,95,Eligible,1,EE,Mathematics,Sem 1,Management,Hosteller,0,No,Low Risk
MS,M,16,R,LE3,T,1,2,other,at_home,course,mother,1,1,0,no,no,no,no,yes,yes,no,no,4,4,4,2,4,5,4,9,10,11,1,96,Eligible,1,CSE,Machine Learning,Sem 3,Management,Hosteller,0,No,Low Risk
MS,F,17,R,GT3,T,3,1,other,other,course,mother,2,2,3,no,yes,no,yes,no,yes,yes,yes,5,4,4,1,1,5,2,7,9,10,1,98,Eligible,2,AI & ML,Electronics,Sem 1,Merit,Day Scholar,3,Yes,Low Risk
MS,M,17,R,GT3,T,2,2,other,other,course,mother,2,1,0,no,no,no,yes,yes,no,no,yes,5,5,5,3,5,5,0,8,13,10,1,100,Eligible,5,CSDS,Mathematics,Sem 1,Management,Day Scholar,0,No,Low Risk
MS,M,18,R,GT3,T,1,0,at_home,at_home,course,other,3,1,1,yes,yes,no,no,yes,yes,no,no,4,3,2,1,1,4,0,12,12,13,1,100,Eligible,0,EE,Food Processing,Sem 4,Merit,Day Scholar,1,Yes,Low Risk
MS,M,17,R,GT3,T,1,1,other,services,course,mother,2,1,0,no,yes,no,yes,no,yes,yes,yes,4,5,5,1,3,2,0,10,9,10,1,100,Eligible,-1,EE,Electronics,Sem 2,Merit,Hosteller,0,Yes,Low Risk
MS,M,18,U,LE3,T,1,1,at_home,at_home,course,mother,2,2,0,no,yes,no,yes,yes,yes,no,no,4,3,3,1,4,5,6,10,9,10,1,94,Eligible,-1,Civil,Thermodynamics,Sem 3,Lateral Entry,Hosteller,0,Yes,Low Risk
MS,F,16,R,LE3,T,2,2,other,services,course,father,1,2,0,no,no,no,yes,yes,yes,no,yes,5,4,3,1,1,1,0,11,13,12,1,100,Eligible,2,ECE,Data Structures,Sem 5,Entrance,Hosteller,0,No,Low Risk
MS,M,17,U,GT3,T,2,2,other,other,course,mother,1,1,1,no,no,no,yes,yes,yes,no,yes,1,2,1,2,3,5,0,7,0,0,0,100,Eligible,-7,Civil,Food Processing,Sem 5,Entrance,Day Scholar,1,Yes,High Risk
MS,M,16,R,GT3,T,3,2,services,other,course,father,2,1,0,no,no,no,no,yes,yes,yes,no,4,5,5,2,3,5,2,11,9,10,1,98,Eligible,-2,AI & ML,Mathematics,Sem 1,Management,Hosteller,0,Yes,Low Risk
MS,M,16,R,LE3,T,1,1,at_home,other,course,mother,2,1,0,no,no,no,yes,yes,yes,yes,no,4,5,5,2,4,5,0,10,10,9,0,100,Eligible,0,Food Tech,Mechanics,Sem 4,Management,Hosteller,0,No,High Risk
MS,M,18,R,GT3,T,1,1,services,other,course,other,2,1,1,no,yes,no,no,yes,no,yes,yes,5,3,3,2,3,5,2,9,7,9,0,98,Eligible,-2,Food Tech,Machine Learning,Sem 4,Lateral Entry,Day Scholar,1,Yes,High Risk
MS,M,18,R,GT3,T,3,2,services,other,course,mother,1,1,1,no,no,no,no,yes,no,yes,no,2,3,1,2,2,5,0,4,0,0,0,100,Eligible,-4,ECE,Programming,Sem 5,Lateral Entry,Day Scholar,1,Yes,High Risk
MS,M,19,U,GT3,T,3,2,at_home,services,course,mother,2,1,3,no,no,no,yes,yes,yes,no,no,3,2,1,1,1,3,4,6,11,9,0,96,Eligible,5,AI & ML,Machine Learning,Sem 3,Lateral Entry,Day Scholar,3,Yes,High Risk
MS,M,18,U,GT3,T,3,3,at_home,at_home,course,mother,1,2,2,no,yes,no,yes,yes,no,yes,no,4,4,5,1,3,3,9,4,8,8,0,91,Eligible,4,ECE,Mathematics,Sem 2,Merit,Day Scholar,2,Yes,High Risk
MS,M,16,R,GT3,T,2,2,services,services,course,mother,2,1,0,no,yes,no,yes,yes,yes,yes,yes,5,4,3,2,4,4,6,7,8,8,0,94,Eligible,1,IT,Machine Learning,Sem 3,Lateral Entry,Day Scholar,0,Yes,High Risk
MS,M,19,U,GT3,T,2,1,at_home,other,course,other,2,1,3,no,no,no,yes,no,no,yes,yes,4,4,3,1,3,5,4,8,9,9,0,96,Eligible,1,Food Tech,Data Structures,Sem 6,Lateral Entry,Hosteller,3,Yes,High Risk
MS,F,16,U,GT3,A,3,2,services,at_home,course,mother,2,2,2,no,yes,no,yes,yes,yes,no,yes,2,5,5,1,1,1,8,5,5,7,0,92,Eligible,0,EE,Electronics,Sem 6,Management,Day Scholar,2,Yes,High Risk
MS,F,17,U,GT3,T,1,1,other,at_home,course,mother,1,1,0,no,yes,no,yes,yes,yes,no,no,4,3,2,1,2,5,9,7,9,10,1,91,Eligible,2,CSBS,Programming,Sem 2,Lateral Entry,Hosteller,0,Yes,Low Risk
MS,M,20,R,GT3,T,1,1,other,other,course,other,2,1,1,no,yes,no,no,yes,no,yes,yes,4,4,3,2,4,4,12,8,11,10,1,88,Eligible,3,CSDS,DBMS,Sem 5,Merit,Hosteller,1,Yes,Low Risk
MS,F,18,R,GT3,A,4,3,services,services,course,mother,1,1,0,no,yes,no,no,yes,yes,yes,no,5,4,4,3,4,2,8,10,11,10,1,92,Eligible,1,AI & ML,Mathematics,Sem 2,Merit,Day Scholar,0,No,Low Risk
MS,M,18,R,GT3,T,3,2,other,other,course,mother,2,1,0,no,yes,no,no,no,yes,yes,no,2,5,5,5,5,5,8,9,10,11,1,92,Eligible,1,CSE,Operating Systems,Sem 4,Management,Day Scholar,0,No,Low Risk
MS,M,19,R,GT3,T,1,1,other,services,home,other,3,2,1,no,no,no,no,yes,yes,yes,no,5,4,4,3,3,2,8,10,9,11,1,92,Eligible,-1,ECE,DBMS,Sem 6,Lateral Entry,Day Scholar,1,Yes,Low Risk
MS,M,17,U,GT3,T,3,3,health,other,course,mother,2,2,1,no,yes,no,no,yes,yes,yes,no,4,5,4,2,3,3,4,8,9,10,1,96,Eligible,1,CSDS,Machine Learning,Sem 1,Lateral Entry,Hosteller,1,Yes,Low Risk
MS,M,18,U,LE3,T,1,3,at_home,services,course,mother,1,1,0,no,no,no,no,yes,no,yes,yes,4,3,3,2,3,3,0,9,10,9,0,100,Eligible,1,CSE,Mathematics,Sem 1,Merit,Day Scholar,0,No,High Risk
MS,M,19,R,GT3,T,1,1,other,other,home,other,3,1,1,no,yes,no,no,yes,yes,yes,no,4,4,4,3,3,5,4,8,9,10,1,96,Eligible,1,CSDS,Thermodynamics,Sem 5,Lateral Entry,Day Scholar,1,Yes,Low Risk
MS,F,18,U,GT3,A,1,2,at_home,other,course,mother,2,2,2,no,yes,no,no,yes,yes,no,no,4,3,3,1,1,5,2,6,8,8,0,98,Eligible,2,CSBS,Operating Systems,Sem 4,Lateral Entry,Day Scholar,2,Yes,High Risk
MS,F,19,U,LE3,A,1,1,at_home,other,course,mother,1,1,0,no,yes,no,no,yes,no,no,no,1,4,4,1,1,5,0,6,8,7,0,100,Eligible,2,CSE,Programming,Sem 3,Lateral Entry,Day Scholar,0,Yes,High Risk
MS,F,18,R,GT3,T,2,2,other,other,other,mother,2,1,1,no,no,no,no,yes,no,yes,yes,5,5,5,1,1,3,0,8,6,0,0,100,Eligible,-2,Civil,Mechanics,Sem 4,Entrance,Day Scholar,1,Yes,High Risk
MS,F,17,R,GT3,T,0,0,at_home,other,course,mother,2,1,0,no,yes,no,no,yes,yes,yes,no,4,4,3,1,1,5,0,10,11,11,1,100,Eligible,1,ME,Thermodynamics,Sem 1,Management,Hosteller,0,No,Low Risk
MS,F,17,R,LE3,A,3,1,other,at_home,course,other,2,3,0,no,yes,yes,no,yes,no,no,no,4,2,3,2,2,3,5,8,7,8,0,95,Eligible,-1,Civil,DBMS,Sem 1,Entrance,Hosteller,0,Yes,High Risk
MS,F,17,U,GT3,T,4,2,teacher,services,home,mother,1,2,0,yes,yes,no,yes,yes,yes,yes,no,5,5,5,1,3,5,0,8,8,0,0,100,Eligible,0,Food Tech,Electronics,Sem 6,Management,Hosteller,0,Yes,High Risk
MS,F,18,R,LE3,T,2,2,services,services,course,mother,1,2,1,no,yes,no,yes,yes,yes,yes,no,2,3,3,1,2,4,3,7,6,8,0,97,Eligible,-1,ME,Data Structures,Sem 4,Merit,Day Scholar,1,Yes,High Risk
MS,F,17,U,GT3,T,4,1,health,at_home,course,mother,1,1,0,no,yes,no,no,yes,yes,no,yes,3,2,2,1,1,5,0,8,10,9,0,100,Eligible,2,Civil,Mechanics,Sem 4,Lateral Entry,Day Scholar,0,No,High Risk
MS,F,17,U,LE3,T,1,2,at_home,other,course,father,1,1,0,no,no,no,no,yes,yes,yes,no,5,5,1,1,1,3,0,7,10,10,1,100,Eligible,3,ME,Thermodynamics,Sem 1,Management,Day Scholar,0,No,Low Risk
MS,F,18,U,GT3,T,1,1,other,other,course,mother,3,2,2,no,no,no,yes,yes,yes,no,yes,3,4,4,2,2,5,3,7,8,7,0,97,Eligible,1,ME,Electronics,Sem 3,Entrance,Hosteller,2,Yes,High Risk
MS,F,18,U,GT3,T,2,2,services,at_home,reputation,father,2,2,0,no,no,no,yes,no,yes,yes,no,4,3,5,1,1,1,2,12,13,14,1,98,Eligible,1,EE,Electronics,Sem 5,Lateral Entry,Day Scholar,0,No,Low Risk
MS,F,17,U,GT3,T,3,3,services,services,course,mother,2,1,0,no,yes,no,no,yes,yes,yes,no,4,4,3,1,1,4,0,11,12,13,1,100,Eligible,1,ECE,Mathematics,Sem 5,Merit,Day Scholar,0,No,Low Risk
MS,F,18,U,LE3,A,1,2,at_home,other,reputation,mother,2,2,0,no,no,no,no,yes,yes,yes,no,4,4,3,1,2,4,0,12,13,14,1,100,Eligible,1,ECE,Thermodynamics,Sem 4,Management,Day Scholar,0,No,Low Risk
MS,F,18,U,GT3,T,4,4,teacher,teacher,reputation,mother,2,2,0,no,no,no,yes,no,yes,yes,no,4,3,5,1,2,1,0,18,18,18,1,100,Eligible,0,EE,Programming,Sem 5,Management,Hosteller,0,No,Low Risk
MS,M,18,U,LE3,T,4,4,services,other,reputation,mother,1,1,0,no,yes,no,yes,yes,yes,yes,no,5,4,5,1,1,5,3,17,17,17,1,97,Eligible,0,CSDS,Machine Learning,Sem 1,Management,Day Scholar,0,No,Low Risk
MS,F,17,U,GT3,T,4,2,other,other,course,mother,2,2,0,no,yes,no,no,yes,yes,yes,no,4,3,3,1,2,4,0,17,18,18,1,100,Eligible,1,IT,Operating Systems,Sem 1,Lateral Entry,Hosteller,0,No,Low Risk
MS,F,18,R,GT3,T,2,2,at_home,other,course,mother,3,2,1,no,no,no,yes,yes,yes,no,yes,4,3,3,1,1,4,0,9,0,0,0,100,Eligible,-9,CSDS,Operating Systems,Sem 4,Entrance,Day Scholar,1,Yes,High Risk
MS,M,18,U,LE3,T,1,2,at_home,services,home,mother,2,1,0,no,yes,no,no,no,yes,no,no,4,1,4,5,5,1,8,10,11,11,1,92,Eligible,1,CSE,DBMS,Sem 4,Entrance,Hosteller,0,No,Low Risk
MS,M,18,R,GT3,T,4,4,at_home,services,other,mother,3,1,0,no,yes,yes,yes,yes,yes,yes,yes,2,5,5,1,1,1,5,12,13,14,1,95,Eligible,1,CSE,DBMS,Sem 6,Management,Hosteller,0,No,Low Risk
MS,M,17,R,GT3,T,1,1,other,services,other,father,3,1,0,no,no,no,no,no,no,no,no,4,2,3,3,4,4,4,12,13,14,1,96,Eligible,1,ME,Operating Systems,Sem 4,Merit,Hosteller,0,No,Low Risk
MS,F,18,U,GT3,T,2,2,other,other,course,mother,2,2,0,no,yes,no,no,no,yes,yes,yes,1,3,1,1,1,2,4,8,8,10,1,96,Eligible,0,Civil,Programming,Sem 3,Merit,Day Scholar,0,Yes,Low Risk
MS,F,18,U,LE3,T,2,2,services,services,course,father,2,3,0,no,no,no,no,yes,yes,yes,yes,5,4,5,1,4,3,0,11,12,13,1,100,Eligible,1,Civil,Data Structures,Sem 5,Entrance,Day Scholar,0,No,Low Risk
MS,F,18,R,LE3,A,4,2,teacher,other,reputation,mother,1,2,0,no,no,no,yes,yes,yes,yes,yes,5,3,1,1,1,5,0,5,0,0,0,100,Eligible,-5,ECE,Food Processing,Sem 4,Merit,Hosteller,0,Yes,High Risk
MS,F,18,U,GT3,T,1,1,at_home,services,course,mother,3,2,1,no,no,no,no,yes,no,no,no,4,4,2,1,2,2,2,9,10,10,1,98,Eligible,1,AI & ML,Machine Learning,Sem 2,Entrance,Hosteller,1,Yes,Low Risk
MS,F,19,U,GT3,T,1,1,at_home,services,other,father,2,1,1,no,no,no,no,yes,no,no,no,5,5,5,2,3,2,0,5,0,0,0,100,Eligible,-5,CSDS,Data Structures,Sem 6,Management,Day Scholar,1,Yes,High Risk
MS,F,17,U,GT3,T,4,2,teacher,other,course,father,2,4,0,no,no,no,no,yes,yes,yes,yes,4,2,3,3,1,5,0,18,18,18,1,100,Eligible,0,Food Tech,Mathematics,Sem 2,Entrance,Day Scholar,0,No,Low Risk
MS,F,17,R,LE3,A,2,1,services,other,reputation,mother,2,2,0,no,no,no,yes,yes,yes,yes,yes,5,3,3,1,2,2,5,11,11,12,1,95,Eligible,0,CSBS,Food Processing,Sem 1,Entrance,Hosteller,0,No,Low Risk
MS,F,18,U,LE3,A,1,1,at_home,services,course,mother,1,2,0,no,no,no,no,yes,yes,no,yes,5,2,3,1,2,3,2,8,10,11,1,98,Eligible,2,Civil,Food Processing,Sem 5,Management,Day Scholar,0,No,Low Risk
MS,F,18,U,GT3,T,1,2,at_home,at_home,course,father,2,2,0,no,yes,no,no,yes,no,no,no,4,1,1,1,1,4,0,11,11,12,1,100,Eligible,0,CSBS,Thermodynamics,Sem 4,Merit,Day Scholar,0,No,Low Risk
MS,F,19,R,GT3,A,1,1,at_home,at_home,course,other,2,2,3,no,yes,no,yes,yes,no,no,yes,3,5,4,1,4,1,0,8,0,0,0,100,Eligible,-8,ME,Programming,Sem 2,Entrance,Day Scholar,3,Yes,High Risk
MS,F,18,R,GT3,T,2,2,services,other,home,mother,2,3,0,no,no,no,no,yes,yes,yes,yes,4,2,1,1,1,4,5,14,14,15,1,95,Eligible,0,CSBS,Programming,Sem 5,Entrance,Day Scholar,0,No,Low Risk
MS,M,17,R,GT3,T,4,3,services,other,home,mother,2,2,1,no,yes,yes,yes,no,yes,yes,yes,4,5,5,1,3,2,4,10,11,11,1,96,Eligible,1,Food Tech,Food Processing,Sem 1,Management,Hosteller,1,Yes,Low Risk
MS,F,18,U,GT3,T,3,3,services,services,course,father,1,2,0,no,yes,no,no,yes,yes,no,yes,5,3,4,1,1,5,0,10,10,10,1,100,Eligible,0,EE,Thermodynamics,Sem 3,Merit,Day Scholar,0,No,Low Risk
MS,F,17,R,GT3,T,4,4,teacher,services,other,father,2,2,0,no,yes,yes,yes,yes,yes,yes,no,4,3,3,1,2,5,2,12,12,12,1,98,Eligible,0,Food Tech,Machine Learning,Sem 6,Entrance,Day Scholar,0,No,Low Risk
MS,F,17,U,LE3,A,3,2,services,other,reputation,mother,2,2,0,no,no,no,no,yes,yes,no,yes,1,2,3,1,2,5,0,15,14,15,1,100,Eligible,-1,CSBS,Food Processing,Sem 5,Management,Hosteller,0,No,Low Risk
MS,M,18,U,LE3,T,1,1,other,services,home,father,2,1,0,no,no,no,no,no,yes,yes,yes,3,3,2,1,2,3,2,14,13,14,1,98,Eligible,-1,Food Tech,Mechanics,Sem 5,Entrance,Hosteller,0,No,Low Risk
MS,F,18,U,LE3,T,1,1,at_home,services,course,father,2,3,0,no,no,no,no,yes,yes,yes,no,5,3,2,1,1,4,0,19,17,18,1,100,Eligible,-2,IT,DBMS,Sem 3,Lateral Entry,Day Scholar,0,No,Low Risk
MS,F,18,R,LE3,A,1,2,at_home,other,course,mother,3,2,0,no,no,no,no,yes,yes,no,yes,4,3,4,1,4,5,0,16,15,15,1,100,Eligible,-1,ME,DBMS,Sem 5,Management,Day Scholar,0,No,Low Risk
MS,F,18,U,GT3,T,3,3,services,services,other,mother,2,2,0,no,yes,no,no,yes,yes,yes,yes,4,3,2,1,3,3,6,13,12,13,1,94,Eligible,-1,CSDS,Data Structures,Sem 1,Merit,Day Scholar,0,No,Low Risk
MS,F,17,U,LE3,T,4,4,at_home,at_home,course,mother,1,2,0,no,yes,no,yes,yes,yes,yes,yes,2,3,4,1,1,1,4,15,14,15,1,96,Eligible,-1,EE,Mathematics,Sem 1,Merit,Day Scholar,0,No,Low Risk
MS,F,17,R,GT3,T,1,2,other,services,course,father,2,2,0,no,no,no,no,no,yes,no,no,3,2,2,1,2,3,0,13,13,13,1,100,Eligible,0,Civil,DBMS,Sem 3,Merit,Hosteller,0,No,Low Risk
MS,M,18,R,GT3,T,1,3,at_home,other,course,mother,2,2,0,no,yes,yes,no,yes,yes,no,no,3,3,4,2,4,3,0,8,10,9,0,100,Eligible,2,CSE,Electronics,Sem 6,Merit,Hosteller,0,No,High Risk
MS,M,18,U,LE3,T,4,4,teacher,services,other,mother,2,3,0,no,no,no,no,yes,yes,yes,yes,4,2,2,2,2,5,0,15,16,16,1,100,Eligible,1,CSDS,Data Structures,Sem 4,Entrance,Hosteller,0,No,Low Risk
MS,F,17,R,GT3,T,1,1,other,services,reputation,mother,3,1,1,no,yes,no,no,yes,yes,yes,yes,5,2,1,1,2,1,0,8,8,9,0,100,Eligible,0,CSE,DBMS,Sem 2,Entrance,Day Scholar,1,Yes,High Risk
MS,F,18,U,GT3,T,2,3,at_home,services,course,father,2,1,0,no,yes,no,no,yes,yes,yes,yes,5,2,3,1,2,4,0,10,10,10,1,100,Eligible,0,ME,Mathematics,Sem 4,Merit,Day Scholar,0,No,Low Risk
MS,F,18,R,GT3,T,4,4,other,teacher,other,father,3,2,0,no,yes,no,no,no,yes,yes,yes,3,2,2,4,2,5,0,7,5,0,0,100,Eligible,-2,EE,Programming,Sem 5,Merit,Day Scholar,0,Yes,High Risk
MS,M,18,R,LE3,T,1,2,at_home,services,other,father,3,1,0,no,yes,no,yes,yes,no,yes,yes,4,3,3,2,3,3,3,9,10,10,1,97,Eligible,1,ECE,Programming,Sem 2,Merit,Day Scholar,0,No,Low Risk
MS,F,17,U,GT3,T,2,2,other,at_home,home,mother,1,3,0,no,no,no,yes,yes,yes,no,yes,3,4,3,1,1,3,8,10,11,12,1,92,Eligible,1,Civil,Machine Learning,Sem 3,Entrance,Hosteller,0,No,Low Risk
MS,F,17,R,GT3,T,1,2,other,other,course,mother,1,1,0,no,no,no,yes,yes,yes,yes,no,3,5,5,1,3,1,4,7,8,9,0,96,Eligible,1,IT,Food Processing,Sem 3,Merit,Hosteller,0,Yes,High Risk
MS,F,18,R,LE3,T,4,4,other,other,reputation,mother,2,3,0,no,no,no,no,yes,yes,yes,no,5,4,4,1,1,1,0,15,17,17,1,100,Eligible,2,ECE,Mechanics,Sem 6,Merit,Day Scholar,0,No,Low Risk
MS,F,18,R,GT3,T,1,1,other,other,home,mother,4,3,0,no,no,no,no,yes,yes,yes,no,4,3,2,1,2,4,4,10,11,12,1,96,Eligible,1,ME,Programming,Sem 2,Lateral Entry,Hosteller,0,No,Low Risk
MS,F,19,R,GT3,T,1,1,at_home,other,course,other,2,2,1,no,yes,no,no,yes,yes,yes,yes,4,3,3,1,1,3,4,7,8,9,0,96,Eligible,1,CSDS,Thermodynamics,Sem 1,Lateral Entry,Day Scholar,1,Yes,High Risk
MS,F,18,R,LE3,T,4,4,teacher,services,course,mother,1,2,0,no,no,no,yes,yes,yes,yes,no,5,4,3,3,4,2,1,13,14,14,1,99,Eligible,1,IT,DBMS,Sem 2,Merit,Day Scholar,0,No,Low Risk
MS,F,18,U,GT3,T,3,3,other,other,home,mother,1,2,0,no,no,no,no,yes,yes,yes,yes,4,1,3,1,2,1,1,16,16,16,1,99,Eligible,0,Food Tech,Thermodynamics,Sem 5,Management,Hosteller,0,No,Low Risk
MS,F,17,R,GT3,T,3,1,at_home,other,reputation,mother,1,2,0,no,yes,no,yes,no,yes,yes,no,4,5,4,2,3,1,10,8,9,9,0,90,Eligible,1,CSBS,Mathematics,Sem 1,Merit,Day Scholar,0,Yes,High Risk
MS,M,18,U,GT3,T,4,4,teacher,teacher,home,father,1,2,0,no,no,no,yes,no,yes,yes,no,3,2,4,1,4,2,4,17,18,19,1,96,Eligible,1,IT,Programming,Sem 3,Lateral Entry,Day Scholar,0,No,Low Risk
MS,M,18,R,GT3,T,2,1,other,other,other,mother,2,1,0,no,no,no,yes,no,yes,yes,yes,4,4,3,1,3,5,0,7,7,0,0,100,Eligible,0,ME,Mechanics,Sem 2,Management,Hosteller,0,Yes,High Risk
MS,M,17,U,GT3,T,2,3,other,services,home,father,2,2,0,no,no,no,yes,yes,yes,yes,no,4,4,3,1,1,3,4,14,15,16,1,96,Eligible,1,AI & ML,Mathematics,Sem 4,Management,Day Scholar,0,No,Low Risk
MS,M,19,R,GT3,T,1,1,other,services,other,mother,2,1,1,no,no,no,no,yes,yes,no,no,4,3,2,1,3,5,0,5,8,0,0,100,Eligible,3,CSBS,Electronics,Sem 6,Merit,Day Scholar,1,Yes,High Risk
MS,M,18,R,GT3,T,4,2,other,other,home,father,2,1,1,no,no,yes,no,yes,yes,no,no,5,4,3,4,3,3,0,7,7,0,0,100,Eligible,0,CSE,Electronics,Sem 4,Lateral Entry,Hosteller,1,Yes,High Risk
MS,F,18,R,GT3,T,2,2,at_home,other,other,mother,2,3,0,no,no,no,no,yes,yes,no,no,5,3,3,1,3,4,0,14,17,15,1,100,Eligible,3,Civil,Thermodynamics,Sem 6,Lateral Entry,Day Scholar,0,No,Low Risk
MS,F,17,U,GT3,T,4,3,teacher,other,other,mother,2,2,0,no,no,no,no,yes,yes,yes,no,5,5,4,1,1,1,0,6,9,11,1,100,Eligible,3,CSE,Food Processing,Sem 5,Management,Hosteller,0,Yes,Low Risk
MS,F,18,R,GT3,T,4,4,teacher,at_home,reputation,mother,3,1,0,no,yes,no,yes,yes,yes,yes,yes,4,4,3,2,2,5,4,7,9,10,1,96,Eligible,2,IT,Data Structures,Sem 4,Merit,Day Scholar,0,Yes,Low Risk
MS,F,19,R,GT3,T,2,3,services,other,course,mother,1,3,1,no,no,no,yes,no,yes,yes,no,5,4,2,1,2,5,4,10,11,10,1,96,Eligible,1,CSE,Food Processing,Sem 2,Entrance,Hosteller,1,Yes,Low Risk
MS,F,18,U,LE3,T,3,1,teacher,services,course,mother,1,2,0,no,yes,no,no,yes,yes,yes,no,4,3,4,1,1,1,4,15,15,16,1,96,Eligible,0,ME,Machine Learning,Sem 2,Entrance,Hosteller,0,No,Low Risk
MS,F,18,U,GT3,T,1,1,other,other,course,mother,2,2,0,no,no,no,yes,yes,yes,no,no,1,1,1,1,1,5,6,11,12,9,0,94,Eligible,1,Food Tech,Food Processing,Sem 4,Lateral Entry,Hosteller,0,No,High Risk
MS,M,17,U,LE3,T,3,1,services,services,course,mother,2,1,0,no,no,no,no,no,yes,yes,no,2,4,5,3,4,2,6,10,10,10,1,94,Eligible,0,CSDS,Machine Learning,Sem 2,Entrance,Day Scholar,0,No,Low Risk
MS,M,18,R,LE3,T,3,2,services,other,course,mother,3,1,0,no,no,no,no,no,yes,yes,no,4,4,1,3,4,5,4,10,11,11,1,96,Eligible,1,Civil,Machine Learning,Sem 5,Lateral Entry,Hosteller,0,No,Low Risk
